name,slug,creator,release_date,input_price_per_1m,output_price_per_1m,blended_price_per_1m,output_tokens_per_sec,time_to_first_token_s,AA Intelligence Index,AA Coding Index,AA Math Index,MMLU-Pro,GPQA,HLE,LiveCodeBench,SciCode,MATH-500,AIME,AIME 2025,IFBench,LCR,TerminalBench Hard,TAU-2,aa_id
GPT-5.4 (xhigh),gpt-5-4,OpenAI,2026-03-05,2.5,15,5.625,75.933,145.238,57.2,57.3,,,0.92,0.416,,0.566,,,,0.739,0.74,0.576,0.915,a89c4b28-2d8c-456e-88ea-255fb51fd2b6
Gemini 3.1 Pro Preview,gemini-3-1-pro-preview,Google,2026-02-19,2,12,4.5,113.882,22.81,57.2,55.5,,,0.941,0.447,,0.589,,,,0.771,0.727,0.538,0.956,bbd93ebe-80da-4594-bb19-61e69d0331df
GPT-5.3 Codex (xhigh),gpt-5-3-codex,OpenAI,2026-02-05,1.75,14,4.813,70.691,77.852,54,53.1,,,0.915,0.399,,0.532,,,,0.754,0.74,0.53,0.909,59b5b14b-5365-4ee7-824a-18a8e6309644
"Claude Opus 4.6 (Adaptive Reasoning, Max Effort)",claude-opus-4-6-adaptive,Anthropic,2026-02-05,5,25,10,48.39,12.25,53,48.1,,,0.896,0.367,,0.519,,,,0.531,0.707,0.462,0.921,53c98840-47af-49aa-94e6-469fb17e9a1b
"Claude Sonnet 4.6 (Adaptive Reasoning, Max Effort)",claude-sonnet-4-6-adaptive,Anthropic,2026-02-17,3,15,6,64.867,38.68,51.7,50.9,,,0.875,0.3,,0.468,,,,0.566,0.707,0.53,0.757,df8d14e0-3997-4e4d-b4ad-9c047acc9c69
GPT-5.2 (xhigh),gpt-5-2,OpenAI,2025-12-11,1.75,14,4.813,69.549,95.011,51.3,48.7,99,0.874,0.903,0.354,0.889,0.521,,,0.99,0.754,0.727,0.47,0.848,498862c3-f9ac-49d2-852f-16a02bb0c38f
GLM-5 (Reasoning),glm-5,Z AI,2026-02-11,1,3.2,1.55,70.918,0.898,49.8,44.2,,,0.82,0.272,,0.462,,,,0.723,0.633,0.432,0.982,40663ad2-b218-471e-bdd4-a1e0c2360e2b
Claude Opus 4.5 (Reasoning),claude-opus-4-5-thinking,Anthropic,2025-11-24,5,25,10,55.538,10.774,49.7,47.8,91.3,0.895,0.866,0.284,0.871,0.495,,,0.913,0.58,0.74,0.47,0.895,2660d74f-ce79-48a8-8b53-6e668e2071a2
MiniMax-M2.7,minimax-m2-7,MiniMax,2026-03-18,0.3,1.2,0.525,46.047,2.127,49.6,41.9,,,0.874,0.281,,0.47,,,,0.757,0.687,0.394,0.848,4bbceacb-cf47-464b-b60f-e1d1fe016d67
MiMo-V2-Pro,mimo-v2-pro,Xiaomi,2026-03-18,1,3,1.5,91.829,1.551,49.2,41.4,,,0.87,0.283,,0.425,,,,0.688,0.607,0.409,0.95,5d8183dc-24f4-46c5-a1d0-d937de149364
GPT-5.2 Codex (xhigh),gpt-5-2-codex,OpenAI,2025-12-11,1.75,14,4.813,98.53,2.925,49,43,,,0.899,0.335,,0.546,,,,0.776,0.757,0.371,0.921,019e86f6-e66b-42d8-8a50-235a06b53003
Grok 4.20 Beta 0309 (Reasoning),grok-4-20,xAI,2026-03-10,2,6,3,158.821,15.208,48.5,42.2,,,0.885,0.3,,0.447,,,,0.829,0.59,0.409,0.965,04787c2b-0751-4269-8029-075b727d7aed
Gemini 3 Pro Preview (high),gemini-3-pro,Google,2025-11-18,2,12,4.5,115.684,29.3,48.4,46.5,95.7,0.898,0.908,0.372,0.917,0.561,,,0.957,0.704,0.707,0.417,0.871,d1122eff-ee85-4fdc-8a9f-23bee6590667
GPT-5.4 mini (xhigh),gpt-5-4-mini,OpenAI,2026-03-17,0.75,4.5,1.688,216.44,5.652,48.1,51.5,,,0.875,0.266,,0.499,,,,0.733,0.693,0.523,0.737,ba242e40-83b7-4cd3-a0e0-b56237984914
GPT-5.1 (high),gpt-5-1,OpenAI,2025-11-13,1.25,10,3.438,94.823,35.986,47.7,44.7,94,0.87,0.873,0.265,0.868,0.433,,,0.94,0.729,0.75,0.455,0.819,4dc12a38-b18f-4c43-8e1b-678f8434b5b1
Kimi K2.5 (Reasoning),kimi-k2-5,Kimi,2026-01-27,0.6,3,1.2,33.202,1.296,46.8,39.5,,,0.879,0.294,,0.49,,,,0.702,0.653,0.348,0.959,a550ffca-f89e-4381-ade6-a85dc6a1fb4c
GLM-5-Turbo,glm-5-turbo,Z AI,2026-03-15,0,0,0,0,0,46.8,36.8,,,0.847,0.254,,0.436,,,,0.732,0.607,0.333,0.985,149096f3-57b7-4413-80c2-a2c010a2995a
GPT-5.2 (medium),gpt-5-2-medium,OpenAI,2025-12-11,1.75,14,4.813,0,0,46.6,44.2,96.7,0.859,0.864,0.249,0.894,0.462,,,0.967,0.652,0.633,0.432,0.743,84e3f11e-d659-4941-8988-1dbfabbaf538
"Claude Opus 4.6 (Non-reasoning, High Effort)",claude-opus-4-6,Anthropic,2026-02-05,5,25,10,48.096,2.097,46.5,47.6,,,0.84,0.186,,0.457,,,,0.446,0.583,0.485,0.848,4386585e-71b4-4a0c-8a63-afb333419cd6
Gemini 3 Flash Preview (Reasoning),gemini-3-flash-reasoning,Google,2025-12-17,0.5,3,1.125,191.719,5.205,46.4,42.6,97,0.89,0.898,0.347,0.908,0.506,,,0.97,0.78,0.663,0.386,0.804,7c73c3be-7f51-4d14-bec8-d5789488df25
Qwen3.5 397B A17B (Reasoning),qwen3-5-397b-a17b,Alibaba,2026-02-16,0.6,3.6,1.35,53.299,1.484,45,41.3,,,0.893,0.273,,0.42,,,,0.788,0.657,0.409,0.956,0e66bae9-41f1-42fc-9276-ce8cb6f72919
GPT-5 (high),gpt-5,OpenAI,2025-08-07,1.25,10,3.438,76.713,90.554,44.6,36,94.3,0.871,0.854,0.265,0.846,0.429,0.994,0.957,0.943,0.731,0.756,0.326,0.848,48e50f00-1fd1-4acc-b337-61078aa341e6
GPT-5 Codex (high),gpt-5-codex,OpenAI,2025-09-23,1.25,10,3.438,168.679,8.567,44.6,38.9,98.7,0.865,0.837,0.256,0.84,0.409,,,0.987,0.741,0.69,0.379,0.868,5d11e7a1-4f70-4e5a-9364-e193761d6757
GPT-5.4 nano (xhigh),gpt-5-4-nano,OpenAI,2026-03-17,0.2,1.25,0.463,220.177,2.641,44.4,43.9,,,0.817,0.265,,0.469,,,,0.759,0.66,0.424,0.81,d4fc3f33-f2b0-4da1-88ee-f1f82bd4de31
"Claude Sonnet 4.6 (Non-reasoning, High Effort)",claude-sonnet-4-6,Anthropic,2026-02-17,3,15,6,49.452,1.385,44.4,46.4,,,0.799,0.132,,0.469,,,,0.412,0.577,0.462,0.795,2e40e695-3cec-43da-83f9-615af30b8e91
mimo-v2-omni,mimo-v2-omni,Xiaomi,2026-03-19,0,0,0,0,0,43.4,35.5,,,0.828,0.199,,0.367,,,,0.535,0.667,0.348,0.912,94d09368-9035-47cf-963a-b4310b433a16
GPT-5.1 Codex (high),gpt-5-1-codex,OpenAI,2025-11-13,1.25,10,3.438,117.761,5.286,43.1,36.6,95.7,0.86,0.86,0.234,0.849,0.402,,,0.957,0.7,0.673,0.348,0.83,04d023f3-025c-4d78-9571-53edda3eaf2a
Claude Opus 4.5 (Non-reasoning),claude-opus-4-5,Anthropic,2025-11-24,5,25,10,53.669,1.304,43.1,42.9,62.7,0.889,0.81,0.129,0.738,0.47,,,0.627,0.43,0.653,0.409,0.863,4077490a-bbfb-404e-979a-a97a20e3b5de
Claude 4.5 Sonnet (Reasoning),claude-4-5-sonnet-thinking,Anthropic,2025-09-29,3,15,6,49.372,8.411,43,38.6,88,0.875,0.834,0.173,0.714,0.447,,,0.88,0.573,0.657,0.356,0.781,90e078f2-051b-4c63-8919-76618971cb3f
"Claude Sonnet 4.6 (Non-reasoning, Low Effort)",claude-sonnet-4-6-non-reasoning-low-effort,Anthropic,2026-02-17,3,15,6,49.666,1.187,42.6,43,,,0.797,0.108,,0.441,,,,0.424,0.587,0.424,0.789,f2e21112-192e-4aed-ae82-68ca3b38e667
Qwen3.5 27B (Reasoning),qwen3-5-27b,Alibaba,2026-02-24,0.3,2.4,0.825,91.69,1.336,42.1,34.9,,,0.858,0.222,,0.395,,,,0.756,0.673,0.326,0.939,169e47f5-3d4d-4ad4-8f8b-ab46f0c73f67
GLM-4.7 (Reasoning),glm-4-7,Z AI,2025-12-22,0.6,2.2,1,84.427,0.727,42.1,36.3,95,0.856,0.859,0.251,0.894,0.451,,,0.95,0.679,0.64,0.318,0.959,6fc35842-0165-44cf-8570-c484a92b3d8c
GPT-5 (medium),gpt-5-medium,OpenAI,2025-08-07,1.25,10,3.438,71.033,54.278,42,39,91.7,0.867,0.842,0.235,0.703,0.411,0.991,0.917,0.917,0.706,0.728,0.379,0.865,5e965af0-ca5c-4f47-9ba9-06000508b84a
Claude 4.1 Opus (Reasoning),claude-4-1-opus-thinking,Anthropic,2025-08-05,15,75,30,36.242,9.688,42,36.5,80.3,0.88,0.809,0.119,0.654,0.409,,,0.803,0.554,0.663,0.343,0.714,ccbfa8c3-a762-480b-aade-34fb9697f98c
MiniMax-M2.5,minimax-m2-5,MiniMax,2026-02-12,0.3,1.2,0.525,52.707,3.897,41.9,37.4,,,0.848,0.191,,0.426,,,,0.716,0.66,0.348,0.953,12adec16-19fe-4d92-aeff-5ef3eb7e780a
DeepSeek V3.2 (Reasoning),deepseek-v3-2-reasoning,DeepSeek,2025-12-01,0.28,0.42,0.315,31.622,1.414,41.7,36.7,92,0.862,0.84,0.222,0.862,0.389,,,0.92,0.607,0.65,0.356,0.906,d621247c-d47e-458c-82cb-a166bc3b37e5
Qwen3.5 122B A10B (Reasoning),qwen3-5-122b-a10b,Alibaba,2026-02-24,0.4,3.2,1.1,146.087,1.009,41.6,34.7,,,0.857,0.234,,0.42,,,,0.757,0.667,0.311,0.936,2236df45-0699-40d1-b5cc-69ee345d2257
MiMo-V2-Flash (Feb 2026),mimo-v2-0206,Xiaomi,2025-12-16,0.1,0.3,0.15,126.722,1.326,41.5,33.5,,,0.835,0.2,,0.383,,,,0.718,0.643,0.311,0.933,1479f50b-d37f-4b55-bb8b-4212a15042eb
Grok 4,grok-4,xAI,2025-07-10,3,15,6,45.378,9.605,41.5,40.5,92.7,0.866,0.877,0.239,0.819,0.457,0.99,0.943,0.927,0.537,0.68,0.379,0.749,5ea94a4a-55ac-4ea1-8898-2b3971e94af6
Gemini 3 Pro Preview (low),gemini-3-pro-low,Google,2025-11-18,2,12,4.5,114.188,3.938,41.3,39.4,86.7,0.895,0.887,0.276,0.857,0.499,,,0.867,0.497,0.673,0.341,0.681,b2f3191f-77d6-4155-8be6-330f0baa1ae5
GPT-5 mini (high),gpt-5-mini,OpenAI,2025-08-07,0.25,2,0.688,78.175,83.832,41.2,35.3,90.7,0.837,0.828,0.197,0.838,0.392,,,0.907,0.754,0.68,0.333,0.684,29855680-7469-43eb-8b88-cd3fb1d99da3
Kimi K2 Thinking,kimi-k2-thinking,Kimi,2025-11-06,0.6,2.5,1.075,98.869,0.622,40.9,34.8,94.7,0.848,0.838,0.223,0.853,0.424,,,0.947,0.681,0.663,0.311,0.93,bddebfd3-0a8d-47f5-b722-bc4c2ca5a5dc
o3-pro,o3-pro,OpenAI,2025-06-10,20,80,35,16.748,108.014,40.7,,,,0.845,,,,,,,,,,,ca04852c-eaae-4881-a208-f9b2ca3b7cd6
GLM-5 (Non-reasoning),glm-5-non-reasoning,Z AI,2026-02-11,1,3.2,1.55,67.636,1.066,40.6,39,,,0.666,0.072,,0.383,,,,0.552,0.37,0.394,0.974,f164b41f-44c5-4675-bca3-fea1db4bd9ae
Qwen3.5 397B A17B (Non-reasoning),qwen3-5-397b-a17b-non-reasoning,Alibaba,2026-02-16,0.6,3.6,1.35,53.718,1.575,40.1,37.4,,,0.861,0.188,,0.411,,,,0.516,0.58,0.356,0.839,30ef2a79-e800-4165-9f13-2a338f120db7
Qwen3 Max Thinking,qwen3-max-thinking,Alibaba,2026-01-26,1.2,6,2.4,34.306,1.637,39.9,30.5,,,0.861,0.262,,0.431,,,,0.707,0.66,0.242,0.836,806032ff-6252-4c22-ba99-a126e411b7a4
MiniMax-M2.1,minimax-m2-1,MiniMax,2025-12-23,0.3,1.2,0.525,52.341,2.086,39.4,32.8,82.7,0.875,0.83,0.222,0.81,0.407,,,0.827,0.699,0.59,0.288,0.854,272ff333-442f-4169-a804-ac9177bc99d7
GPT-5 (low),gpt-5-low,OpenAI,2025-08-07,1.25,10,3.438,55.684,11.923,39.2,30.7,83,0.86,0.808,0.184,0.763,0.391,0.987,0.83,0.83,0.666,0.587,0.265,0.842,7f3c9423-3ee3-4369-a6d9-3f2a40aff00e
MiMo-V2-Flash (Reasoning),mimo-v2-flash-reasoning,Xiaomi,2025-12-16,0.1,0.3,0.15,124.722,1.565,39.2,31.8,96.3,0.843,0.846,0.211,0.868,0.394,,,0.963,0.642,0.63,0.28,0.95,be185709-ddb4-4268-9597-856464359b25
Claude 4 Opus (Reasoning),claude-4-opus-thinking,Anthropic,2025-05-22,15,75,30,35.68,7.871,39,34,73.3,0.873,0.796,0.117,0.636,0.398,0.982,0.757,0.733,0.537,0.337,0.311,0.734,8a4a5ead-7789-4389-8400-30e9d20370b7
GPT-5 mini (medium),gpt-5-mini-medium,OpenAI,2025-08-07,0.25,2,0.688,71.987,20.795,38.9,32.9,85,0.828,0.803,0.146,0.692,0.41,,,0.85,0.712,0.66,0.288,0.711,c3274a19-6d3c-4d01-ab9b-5055a0a40429
Claude 4 Sonnet (Reasoning),claude-4-sonnet-thinking,Anthropic,2025-05-22,3,15,6,50.032,10.777,38.7,34.1,74.3,0.842,0.777,0.096,0.655,0.4,0.991,0.773,0.743,0.547,0.647,0.311,0.646,a7564055-f8ba-4c4b-9e2d-060f61263645
GPT-5.1 Codex mini (high),gpt-5-1-codex-mini,OpenAI,2025-11-13,0.25,2,0.688,169.689,5.997,38.6,36.4,91.7,0.82,0.813,0.169,0.836,0.426,,,0.917,0.679,0.627,0.333,0.629,fd4454ff-e703-46c0-a7f5-fa69af09486d
Grok 4.1 Fast (Reasoning),grok-4-1-fast-reasoning,xAI,2025-11-19,0.2,0.5,0.275,150.95,8.171,38.6,30.9,89.3,0.854,0.853,0.176,0.822,0.442,,,0.893,0.527,0.68,0.242,0.933,23149f9b-c904-43e2-9ec4-afa2bf843941
o3,o3,OpenAI,2025-04-16,2,8,3.5,71.641,8.29,38.4,38.4,88.3,0.853,0.827,0.2,0.808,0.41,0.992,0.903,0.883,0.714,0.693,0.371,0.807,16c5b637-8bce-4252-81f2-1b87a36a4e4c
GPT-5.4 nano (medium),gpt-5-4-nano-medium,OpenAI,2026-03-17,0.2,1.25,0.463,218.64,4.058,38.1,35,,,0.761,0.147,,0.384,,,,0.644,0.573,0.333,0.526,8869f28a-a6ff-487f-8d32-93fe335fdda5
Step 3.5 Flash,step-3-5-flash,StepFun,2026-02-02,0.1,0.3,0.15,83.135,3.104,37.8,31.6,,,0.831,0.191,,0.404,,,,0.646,0.43,0.273,0.944,c8158c23-6fff-4c31-911d-954c32d80c28
GPT-5.4 mini (medium),gpt-5-4-mini-medium,OpenAI,2026-03-17,0.75,4.5,1.688,211.221,6.001,37.7,37.5,,,0.823,0.171,,0.442,,,,0.648,0.613,0.341,0.365,392063ba-c3b5-47e8-ba67-a7b0b34f6824
Kimi K2.5 (Non-reasoning),kimi-k2-5-non-reasoning,Kimi,2026-01-27,0.6,3,1.2,34.587,1.46,37.3,25.8,,,0.789,0.123,,0.396,,,,0.437,0.59,0.189,0.813,ba04694d-326a-4a6a-8f1b-46316f872a7f
Qwen3.5 27B (Non-reasoning),qwen3-5-27b-non-reasoning,Alibaba,2026-02-24,0.3,2.4,0.825,91.78,1.42,37.2,33.4,,,0.842,0.132,,0.367,,,,0.469,0.557,0.318,0.871,509e94e3-f1cb-43fb-98ff-e0e9872cfd1f
Claude 4.5 Haiku (Reasoning),claude-4-5-haiku-reasoning,Anthropic,2025-10-15,1,5,2,131.577,11.056,37.1,32.6,83.7,0.76,0.672,0.097,0.615,0.433,,,0.837,0.543,0.703,0.273,0.547,a6340098-d7ae-462d-b372-0a0a67fc44b4
Qwen3.5 35B A3B (Reasoning),qwen3-5-35b-a3b,Alibaba,2026-02-24,0.25,2,0.688,136.449,0.989,37.1,30.3,,,0.845,0.197,,0.377,,,,0.725,0.627,0.265,0.892,46d8315e-1630-463f-ab62-84185fa0faab
Claude 4.5 Sonnet (Non-reasoning),claude-4-5-sonnet,Anthropic,2025-09-29,3,15,6,45.659,1.493,37.1,33.5,37,0.86,0.727,0.071,0.59,0.428,,,0.37,0.427,0.513,0.288,0.705,91cb6144-4937-4e4e-aeda-b4341d355c10
MiniMax-M2,minimax-m2,MiniMax,2025-10-26,0.3,1.2,0.525,54.817,2.028,36.1,29.2,78.3,0.82,0.777,0.125,0.826,0.361,,,0.783,0.723,0.61,0.258,0.868,f74ea286-cd29-4eb4-af14-1389b19c21e5
NVIDIA Nemotron 3 Super 120B A12B (Reasoning),nvidia-nemotron-3-super-120b-a12b,NVIDIA,2026-03-11,0.3,0.75,0.412,394.303,0.546,36,31.2,,,0.8,0.192,,0.36,,,,0.715,0.6,0.288,0.678,63872e9c-3377-4a6b-b477-7bba244c38e9
KAT-Coder-Pro V1,kat-coder-pro-v1,KwaiKAT,2025-11-11,0.3,1.2,0.525,52.264,1.278,36,18.3,94.7,0.813,0.764,0.334,0.747,0.366,,,0.947,0.684,0.74,0.091,0.886,fb112343-c82c-4b43-afea-996bd5101d62
Claude 4.1 Opus (Non-reasoning),claude-4-1-opus,Anthropic,2025-08-05,15,75,30,35.16,1.327,36,,,,,,,,,,,,,,,f2f60e3a-e5f5-4471-acd2-9f2f29c76007
Qwen3.5 122B A10B (Non-reasoning),qwen3-5-122b-a10b-non-reasoning,Alibaba,2026-02-24,0.4,3.2,1.1,135.411,0.992,35.9,31.6,,,0.827,0.148,,0.356,,,,0.508,0.56,0.295,0.845,021b1b31-d2fc-4653-ab74-c10bd2f41c8e
Nova 2.0 Pro Preview (medium),nova-2-0-pro-reasoning-medium,Amazon,2025-11-27,1.25,10,3.438,151.912,11.254,35.7,30.4,89,0.83,0.785,0.089,0.73,0.427,,,0.89,0.79,0.543,0.242,0.927,0d94dc87-12c8-4d4a-8d99-804ce3f17bc2
GPT-5.4 (Non-reasoning),gpt-5-4-non-reasoning,OpenAI,2026-03-05,2.5,15,5.625,60.695,0.667,35.4,41,,,0.748,0.106,,0.471,,,,0.484,0.473,0.379,0.351,493f6a1e-7717-4e98-9d6f-548b92c4702d
Grok 4 Fast (Reasoning),grok-4-fast-reasoning,xAI,2025-09-19,0.2,0.5,0.275,132.577,3.6,35.1,27.4,89.7,0.85,0.847,0.17,0.832,0.442,,,0.897,0.505,0.647,0.189,0.658,573bbd93-114c-4b71-9ede-a73a7d4bdf84
Gemini 3 Flash Preview (Non-reasoning),gemini-3-flash,Google,2025-12-17,0.5,3,1.125,190.548,0.743,35,37.8,55.7,0.882,0.812,0.141,0.797,0.499,,,0.557,0.551,0.48,0.318,0.433,783a0ea2-1eef-422a-8c3d-f6d40d943f54
Claude 3.7 Sonnet (Reasoning),claude-3-7-sonnet-thinking,Anthropic,2025-02-24,3,15,6,0,0,34.7,27.6,56.3,0.837,0.772,0.103,0.473,0.403,0.947,0.487,0.563,0.483,0.607,0.212,0.547,13358187-4584-479c-ab43-5bcdf8f297a4
Gemini 2.5 Pro,gemini-2-5-pro,Google,2025-06-05,1.25,10,3.438,123.444,23.328,34.6,31.9,87.7,0.862,0.844,0.211,0.801,0.428,0.967,0.887,0.877,0.487,0.66,0.265,0.541,27202e5f-c82d-4710-92e9-4317877d4883
GLM-4.7 (Non-reasoning),glm-4-7-non-reasoning,Z AI,2025-12-22,0.55,2.15,0.938,83.626,0.656,34.2,32,48,0.794,0.664,0.061,0.562,0.354,,,0.48,0.546,0.363,0.303,0.942,81b6ddfc-111e-4422-bd44-42ee6165b699
DeepSeek V3.1 Terminus (Reasoning),deepseek-v3-1-terminus-reasoning,DeepSeek,2025-09-22,0.4,2,0.8,0,0,33.9,33.7,89.7,0.851,0.792,0.152,0.798,0.406,,,0.897,0.57,0.65,0.303,0.371,0a7dda4d-cc9c-4a90-abc1-abb5772c901b
GPT-5.2 (Non-reasoning),gpt-5-2-non-reasoning,OpenAI,2025-12-11,1.75,14,4.813,67.236,0.648,33.6,34.7,51,0.814,0.712,0.073,0.669,0.404,,,0.51,0.474,0.38,0.318,0.465,6dd8ba55-5680-44a9-b309-82928165d5f0
Gemini 3.1 Flash-Lite Preview,gemini-3-1-flash-lite-preview,Google,2026-03-03,0.25,1.5,0.563,226.145,7.421,33.5,30.1,,,0.822,0.162,,0.419,,,,0.772,0.653,0.242,0.313,598190f8-dc9c-4fea-a7ea-4b81c402ab18
Doubao Seed Code,doubao-seed-code,ByteDance Seed,2025-11-11,0,0,0,0,0,33.5,31.3,79.3,0.854,0.764,0.133,0.766,0.407,,,0.793,0.514,0.653,0.265,0.582,4d6dd5ce-08cb-4e87-9288-1dd2f022aa35
gpt-oss-120B (high),gpt-oss-120b,OpenAI,2025-08-05,0.15,0.6,0.263,267.277,0.501,33.3,28.6,93.4,0.808,0.782,0.185,0.878,0.389,,,0.934,0.69,0.507,0.235,0.658,f0083258-8646-45b8-8082-7aaf6c2ea82a
o4-mini (high),o4-mini,OpenAI,2025-04-16,1.1,4.4,1.925,128.723,19.678,33.1,25.6,90.7,0.832,0.784,0.175,0.859,0.465,0.989,0.94,0.907,0.687,0.55,0.152,0.556,84b49308-6b93-47aa-a4f6-776ee1a1e8cd
Claude 4 Opus (Non-reasoning),claude-4-opus,Anthropic,2025-05-22,15,75,30,34.711,1.333,33,,36.3,0.86,0.701,0.059,0.542,0.409,0.941,0.563,0.363,0.433,0.36,,,504412c2-2ada-499b-aebf-7e0a35c9d286
Claude 4 Sonnet (Non-reasoning),claude-4-sonnet,Anthropic,2025-05-22,3,15,6,47.141,1.162,33,30.6,38,0.837,0.683,0.04,0.449,0.373,0.934,0.407,0.38,0.454,0.443,0.273,0.523,d034dafe-463d-4c50-956f-84fca657b26f
DeepSeek V3.2 Exp (Reasoning),deepseek-v3-2-reasoning-0925,DeepSeek,2025-09-29,0.28,0.42,0.315,31.732,1.497,32.9,33.3,87.7,0.85,0.797,0.138,0.789,0.377,,,0.877,0.541,0.69,0.311,0.339,af134350-8ba3-4629-b56b-00bd6dcf60c4
Mercury 2,mercury-2,Inception,2026-02-20,0.25,0.75,0.375,927.08,3.905,32.8,30.6,,,0.77,0.155,,0.387,,,,0.698,0.363,0.265,0.708,016d330a-2141-4afa-b2fc-62b314423dc1
GLM-4.6 (Reasoning),glm-4-6-reasoning,Z AI,2025-09-30,0.575,2.2,0.981,81.803,0.829,32.5,29.5,86,0.829,0.78,0.133,0.695,0.384,,,0.86,0.434,0.543,0.25,0.705,6a5d56e1-bb68-4205-8d9b-26b97888bc84
Qwen3 Max Thinking (Preview),qwen3-max-thinking-preview,Alibaba,2025-11-03,1.2,6,2.4,42.263,1.76,32.5,24.5,82.3,0.824,0.776,0.12,0.535,0.387,,,0.823,0.538,0.577,0.174,0.836,cbac8c35-e069-4c73-823e-0953e6ed0e85
Qwen3.5 9B (Reasoning),qwen3-5-9b,Alibaba,2026-03-02,0.1,0.15,0.113,50.969,0.364,32.4,25.3,,,0.806,0.133,,0.275,,,,0.667,0.59,0.242,0.868,2d28a13a-096e-475a-beb8-26bbd1c7d51c
DeepSeek V3.2 (Non-reasoning),deepseek-v3-2,DeepSeek,2025-12-01,0.28,0.42,0.315,33.036,1.518,32.1,34.6,59,0.837,0.751,0.105,0.593,0.387,,,0.59,0.49,0.39,0.326,0.789,6d9a176d-feb8-4dac-8872-afe32b31897f
Grok 3 mini Reasoning (high),grok-3-mini-reasoning,xAI,2025-02-19,0.3,0.5,0.35,197.985,0.386,32.1,25.2,84.7,0.828,0.791,0.111,0.696,0.406,0.992,0.933,0.847,0.459,0.503,0.174,0.904,ff9bc5e5-a02f-4270-983e-4b3f834f3363
K-EXAONE (Reasoning),k-exaone,LG AI Research,2025-12-31,0,0,0,0,0,32.1,27,90.3,0.838,0.783,0.131,0.768,0.356,,,0.903,0.647,0.557,0.227,0.743,715e05fb-1313-441c-bf1d-8651c752a841
Nova 2.0 Pro Preview (low),nova-2-0-pro-reasoning-low,Amazon,2025-11-27,1.25,10,3.438,173.46,5.541,31.9,24.5,63.3,0.822,0.751,0.052,0.638,0.387,,,0.633,0.796,0.617,0.174,0.906,f4274721-ef28-4121-aa88-8e97267a5a82
Qwen3 Max,qwen3-max,Alibaba,2025-09-23,1.2,6,2.4,32.547,1.786,31.4,26.4,80.7,0.841,0.764,0.111,0.767,0.383,,,0.807,0.441,0.467,0.205,0.743,7ae943a9-9310-4472-a834-c61f0ab68485
Claude 4.5 Haiku (Non-reasoning),claude-4-5-haiku,Anthropic,2025-10-15,1,5,2,94.489,0.505,31.1,29.6,39,0.8,0.646,0.043,0.511,0.344,,,0.39,0.42,0.437,0.273,0.325,c2b1e769-7aee-4669-8076-73918bdebf6c
Gemini 2.5 Flash Preview (Sep '25) (Reasoning),gemini-2-5-flash-preview-09-2025-reasoning,Google,2025-09-25,0,0,0,0,0,31.1,24.6,78.3,0.842,0.793,0.127,0.713,0.405,,,0.783,0.523,0.643,0.167,0.456,c7667559-d9b6-43f1-8cd8-8bdbc78d190b
Kimi K2 0905,kimi-k2-0905,Kimi,2025-09-05,0.8,2.25,1.137,43.374,0.825,30.9,25.9,57.3,0.819,0.767,0.063,0.61,0.307,,,0.573,0.417,0.523,0.235,0.734,66445f84-b2e3-4202-afdc-92ba0f0e5f36
o1,o1,OpenAI,2024-12-05,15,60,26.25,101.439,21.095,30.8,20.5,,0.841,0.747,0.077,0.679,0.358,0.97,0.723,,0.703,0.593,0.129,0.626,5ad2f60f-ee05-49fd-85a0-cef69aa7cb7b
Claude 3.7 Sonnet (Non-reasoning),claude-3-7-sonnet,Anthropic,2025-02-24,3,15,6,0,0,30.8,26.7,21,0.803,0.656,0.048,0.394,0.376,0.85,0.223,0.21,0.44,0.483,0.212,0.5,d925845d-39ad-4de3-8495-f176b79828c0
Qwen3.5 35B A3B (Non-reasoning),qwen3-5-35b-a3b-non-reasoning,Alibaba,2026-02-24,0.25,2,0.688,113.722,1.04,30.7,16.8,,,0.819,0.128,,0.293,,,,0.445,0.553,0.106,0.863,eebfef01-709e-4ffe-b72f-0db75ef2434b
MiMo-V2-Flash (Non-reasoning),mimo-v2-flash,Xiaomi,2025-12-16,0.1,0.3,0.15,126.733,1.33,30.4,25.8,67.7,0.744,0.656,0.08,0.402,0.259,,,0.677,0.399,0.313,0.258,0.839,82b36b4d-84dd-4bc0-ad32-e3aee9442789
Gemini 2.5 Pro Preview (Mar' 25),gemini-2-5-pro-03-25,Google,2025-03-25,0,0,0,0,0,30.3,46.7,,0.858,0.836,0.171,0.778,0.395,0.98,0.87,,,,,,62de31e8-a1a3-429c-b634-a2afccfd9363
GLM-4.6 (Non-reasoning),glm-4-6,Z AI,2025-09-30,0.6,2.2,1,77.497,2.092,30.2,30.2,44.3,0.784,0.632,0.052,0.561,0.331,,,0.443,0.367,0.263,0.288,0.769,946e7aab-db1c-4c3f-b0b3-7720d0cff187
GLM-4.7-Flash (Reasoning),glm-4-7-flash,Z AI,2026-01-19,0.07,0.4,0.152,88.661,0.685,30.1,25.9,,,0.581,0.071,,0.337,,,,0.608,0.35,0.22,0.988,2c4394a2-b443-470a-908e-5c4a271b780c
Grok 4.20 Beta 0309 (Non-reasoning),grok-4-20-non-reasoning,xAI,2026-03-10,2,6,3,112.049,0.34,29.7,25.4,,,0.785,0.225,,0.322,,,,0.478,0.18,0.22,0.696,523125f4-a1da-4990-9abd-dd08a069100e
Nova 2.0 Lite (medium),nova-2-0-lite-reasoning-medium,Amazon,2025-10-29,0.3,2.5,0.85,234.789,9.772,29.7,23.9,88.7,0.813,0.768,0.086,0.663,0.368,,,0.887,0.685,0.583,0.174,0.757,fbdf8da1-b341-448c-b3cb-8aff1d8f70b9
Gemini 2.5 Pro Preview (May' 25),gemini-2-5-pro-05-06,Google,2025-05-06,1.25,10,3.438,0,0,29.5,,,0.837,0.822,0.154,0.77,0.416,0.986,0.843,,,,,,073b5329-c4b3-4f1f-8f97-4753aadf4398
Qwen3 235B A22B 2507 (Reasoning),qwen3-235b-a22b-instruct-2507-reasoning,Alibaba,2025-07-25,0.7,8.4,2.625,41.89,1.263,29.5,23.2,91,0.843,0.79,0.15,0.788,0.424,0.984,0.94,0.91,0.512,0.67,0.136,0.532,f6ccbe1d-bd7e-484b-9795-18cc9f91552d
DeepSeek V3.2 Speciale,deepseek-v3-2-speciale,DeepSeek,2025-12-01,0,0,0,0,0,29.4,37.9,96.7,0.863,0.871,0.261,0.896,0.44,,,0.967,0.639,0.593,0.348,0,527e943a-adc6-4e69-93af-d1608e1b5fed
ERNIE 5.0 Thinking Preview,ernie-5-0-thinking-preview,Baidu,2025-11-13,0,0,0,0,0,29.1,29.2,85,0.83,0.777,0.127,0.812,0.375,,,0.85,0.414,0.067,0.25,0.839,a518a64b-e337-48f3-85a1-ba7dc0e8f961
Grok Code Fast 1,grok-code-fast-1,xAI,2025-08-28,0.2,1.5,0.525,186.67,3.487,28.7,23.7,43.3,0.793,0.727,0.075,0.657,0.362,,,0.433,0.414,0.483,0.174,0.757,a06bd3fc-86db-4a8e-ae6d-7459444d08c9
DeepSeek V3.1 Terminus (Non-reasoning),deepseek-v3-1-terminus,DeepSeek,2025-09-22,0.335,1.5,0.626,0,0,28.5,31.9,53.7,0.836,0.751,0.084,0.529,0.321,,,0.537,0.412,0.433,0.318,0.371,dfb9292d-bc7c-4425-a260-4256217e709f
DeepSeek V3.2 Exp (Non-reasoning),deepseek-v3-2-0925,DeepSeek,2025-09-29,0.28,0.42,0.315,32.562,1.467,28.4,30,57.7,0.836,0.738,0.086,0.554,0.399,,,0.577,0.431,0.43,0.25,0.339,07c35e00-2b12-44c8-91cc-408629cd569e
Qwen3 Coder Next,qwen3-coder-next,Alibaba,2026-02-03,0.35,1.2,0.6,159.558,0.906,28.3,22.9,,,0.737,0.093,,0.323,,,,0.352,0.4,0.182,0.795,fc92f822-04b7-420d-9c07-a21af5e9aac7
Apriel-v1.5-15B-Thinker,apriel-v1-5-15b-thinker,ServiceNow,2025-09-30,0,0,0,126.432,0.178,28.3,18.7,87.5,0.773,0.713,0.12,0.728,0.348,,,0.875,0.617,0.2,0.106,0.684,ac1031bc-c53e-4af7-9c6e-2005e0ff44fa
DeepSeek V3.1 (Non-reasoning),deepseek-v3-1,DeepSeek,2025-08-21,0.56,1.68,0.84,0,0,28.1,28.4,49.7,0.833,0.735,0.063,0.577,0.367,,,0.497,0.378,0.45,0.242,0.348,fb65266f-5a7d-403c-85d5-ccdf0d1ca838
Nova 2.0 Omni (medium),nova-2-0-omni-reasoning-medium,Amazon,2025-11-26,0.3,2.5,0.85,0,0,28,15.1,89.7,0.809,0.76,0.068,0.66,0.362,,,0.897,0.662,0.537,0.045,0.804,018c60e8-e908-431a-ba57-c840b1df3987
DeepSeek V3.1 (Reasoning),deepseek-v3-1-reasoning,DeepSeek,2025-08-21,0.6,1.7,0.875,0,0,27.7,29.7,89.7,0.851,0.779,0.13,0.784,0.391,,,0.897,0.415,0.533,0.25,0.374,198b717f-42c8-4ab7-a699-ae9373d669d3
Apriel-v1.6-15B-Thinker,apriel-v1-6-15b-thinker,ServiceNow,2025-11-25,0,0,0,135.521,0.248,27.6,22,88,0.79,0.733,0.098,0.807,0.373,,,0.88,0.691,0.503,0.144,0.693,a71c1a35-ccc8-43f0-a5a2-070a690b9a00
Qwen3 VL 235B A22B (Reasoning),qwen3-vl-235b-a22b-reasoning,Alibaba,2025-09-23,0.7,8.4,2.625,51.636,1.15,27.6,20.9,88.3,0.836,0.772,0.101,0.646,0.399,,,0.883,0.565,0.587,0.114,0.541,a803d3d0-d22e-49a0-ac2c-b9c6f1141065
GPT-5.1 (Non-reasoning),gpt-5-1-non-reasoning,OpenAI,2025-11-13,1.25,10,3.438,86.137,0.614,27.4,27.3,38,0.801,0.643,0.052,0.494,0.365,,,0.38,0.432,0.44,0.227,0.465,d0b3d47e-aec6-425e-9de7-168dcc6d1e28
Qwen3.5 9B (Non-reasoning),qwen3-5-9b-non-reasoning,Alibaba,2026-03-02,0,0,0,0,0,27.3,21.4,,,0.786,0.086,,0.277,,,,0.378,0.38,0.182,0.851,20da3b31-fc0a-4359-abec-d59367bf1d9f
Magistral Medium 1.2,magistral-medium-2509,Mistral,2025-09-18,2,5,2.75,88.452,0.442,27.1,21.7,82,0.815,0.739,0.096,0.75,0.392,,,0.82,0.43,0.513,0.129,0.52,864da2a5-156c-45fd-873c-8923be91914f
DeepSeek R1 0528 (May '25),deepseek-r1,DeepSeek,2025-05-28,1.35,5.4,2.362,0,0,27.1,24,76,0.849,0.813,0.149,0.77,0.403,0.983,0.893,0.76,0.396,0.547,0.159,0.365,a83f84b3-473a-4276-9ae1-8909da723159
Qwen3.5 4B (Reasoning),qwen3-5-4b,Alibaba,2026-03-02,0,0,0,0,0,27.1,17.5,,,0.771,0.078,,0.161,,,,0.52,0.557,0.182,0.921,651ef7ae-9a8f-477e-9c8e-460aa156ba02
Gemini 2.5 Flash (Reasoning),gemini-2-5-flash-reasoning,Google,2025-05-20,0.3,2.5,0.85,221.206,12.098,27,22.2,73.3,0.832,0.79,0.111,0.695,0.394,0.981,0.823,0.733,0.503,0.617,0.136,0.316,219ed587-60c5-4a48-9517-8480e08d0ca1
Mistral Small 4 (Reasoning),mistral-small-4,Mistral,2026-03-16,0.15,0.6,0.263,0,0,26.9,24.3,,,0.769,0.095,,0.38,,,,0.482,0.447,0.174,0.31,3fd96175-4ef1-434c-8795-f873aec2abc1
GPT-5 nano (high),gpt-5-nano,OpenAI,2025-08-07,0.05,0.4,0.138,121.163,97.051,26.8,20.3,83.7,0.78,0.676,0.082,0.789,0.366,,,0.837,0.676,0.417,0.121,0.365,e18e5e6a-5a31-4c0b-b80b-ac401392f446
Qwen3 Next 80B A3B (Reasoning),qwen3-next-80b-a3b-reasoning,Alibaba,2025-09-11,0.5,6,1.875,138.954,1.012,26.7,19.5,84.3,0.824,0.759,0.117,0.784,0.388,,,0.843,0.607,0.603,0.098,0.415,c8a79180-7d16-4474-8701-9a77c0baa56a
GLM-4.5 (Reasoning),glm-4.5,Z AI,2025-07-28,0.49,1.9,0.843,38.612,0.975,26.4,26.3,73.7,0.835,0.782,0.122,0.738,0.348,0.979,0.873,0.737,0.441,0.483,0.22,0.43,1cf439b8-0cfd-47b2-9de2-9a2157e6762b
GPT-4.1,gpt-4-1,OpenAI,2025-04-14,2,8,3.5,87.43,0.518,26.3,21.8,34.7,0.806,0.666,0.046,0.457,0.381,0.913,0.437,0.347,0.43,0.61,0.136,0.471,3b608b70-6434-4baa-99ad-45d499703c67
Kimi K2,kimi-k2,Kimi,2025-07-11,0.57,2.4,1.002,39.645,0.934,26.3,22.1,57,0.824,0.766,0.07,0.556,0.345,0.971,0.693,0.57,0.415,0.51,0.159,0.611,441734a9-8901-4850-9bae-b474c370291f
Qwen3 Max (Preview),qwen3-max-preview,Alibaba,2025-09-05,1.2,6,2.4,43.29,1.72,26.1,25.5,75,0.838,0.764,0.093,0.651,0.37,,,0.75,0.48,0.397,0.197,0.327,5b2beb12-81a9-47a1-8a2a-d0a727185b50
o3-mini,o3-mini,OpenAI,2025-01-31,1.1,4.4,1.925,137.573,7.344,25.9,17.9,,0.791,0.748,0.087,0.717,0.399,0.973,0.77,,,,0.068,0.287,2dad8957-4c16-4e74-bf2d-8b21514e0ae9
GPT-5 nano (medium),gpt-5-nano-medium,OpenAI,2025-08-07,0.05,0.4,0.138,127.932,48.502,25.9,22.9,78.3,0.772,0.67,0.076,0.763,0.338,,,0.783,0.659,0.4,0.174,0.304,8eb02396-f231-4189-ae15-05f7facebd9b
o1-pro,o1-pro,OpenAI,2025-03-19,150,600,262.5,0,0,25.8,,,,,,,,,,,,,,,e8d4100e-165b-4c5d-ac11-ac553590a334
Gemini 2.5 Flash Preview (Sep '25) (Non-reasoning),gemini-2-5-flash-preview-09-2025,Google,2025-09-25,0,0,0,0,0,25.7,22.1,56.7,0.836,0.766,0.078,0.625,0.375,,,0.567,0.435,0.567,0.144,0.284,877fdfc9-2026-477a-af96-e4fd602c0131
o3-mini (high),o3-mini-high,OpenAI,2025-01-31,1.1,4.4,1.925,143.528,23.702,25.2,17.3,,0.802,0.773,0.123,0.734,0.398,0.985,0.86,,0.671,0.393,0.061,0.313,076f2674-bc4b-4925-be59-50832eb8c090
Grok 3,grok-3,xAI,2025-02-19,3,15,6,68.401,0.326,25.2,19.8,58,0.799,0.693,0.051,0.425,0.368,0.87,0.33,0.58,0.469,0.547,0.114,0.488,2443ac9e-a3db-423d-accb-8963f6fb0a53
Seed-OSS-36B-Instruct,seed-oss-36b-instruct,ByteDance Seed,2025-08-20,0.21,0.57,0.3,43.653,1.539,25.2,16.7,84.7,0.815,0.726,0.091,0.765,0.365,,,0.847,0.419,0.577,0.068,0.494,5c6533f3-75a2-4109-b9a9-3623afc6b86a
Qwen3 235B A22B 2507 Instruct,qwen3-235b-a22b-instruct-2507,Alibaba,2025-07-21,0.7,2.8,1.225,69.554,1.127,25,22.1,71.7,0.828,0.753,0.106,0.524,0.36,0.98,0.717,0.717,0.461,0.312,0.152,0.333,3373245b-e6dc-4b66-a7b0-3f06f9b7bd46
Qwen3 Coder 480B A35B Instruct,qwen3-coder-480b-a35b-instruct,Alibaba,2025-07-22,1.5,7.5,3,61.477,1.645,24.8,24.6,39.3,0.788,0.618,0.044,0.585,0.359,0.942,0.477,0.393,0.405,0.423,0.189,0.436,093883ed-f5fc-443b-8e18-afbfb166699e
Qwen3 VL 32B (Reasoning),qwen3-vl-32b-reasoning,Alibaba,2025-10-21,0.7,8.4,2.625,97.213,1.065,24.7,14.5,84.7,0.818,0.733,0.096,0.738,0.285,,,0.847,0.594,0.553,0.076,0.456,d370fcbf-c4a1-41a2-abc4-d204fcc3fcbf
Nova 2.0 Lite (low),nova-2-0-lite-reasoning-low,Amazon,2025-10-29,0.3,2.5,0.85,216.732,4.283,24.6,13.6,46.7,0.788,0.698,0.042,0.469,0.333,,,0.467,0.612,0.52,0.038,0.719,6fd796d3-f346-4f66-97df-5da81714fc73
Sonar Reasoning Pro,sonar-reasoning-pro,Perplexity,2025-01-28,0,0,0,0,0,24.6,,,,,,,,0.957,0.79,,,,,,1edc272c-d799-44d6-909a-bf3c1909a3a0
gpt-oss-20B (high),gpt-oss-20b,OpenAI,2025-08-05,0.06,0.2,0.094,282.819,0.467,24.5,18.5,89.3,0.748,0.688,0.098,0.777,0.344,,,0.893,0.651,0.307,0.106,0.602,36f73aaf-d38a-4b56-a2b3-d04d17186910
gpt-oss-120B (low),gpt-oss-120b-low,OpenAI,2025-08-05,0.15,0.6,0.263,285.47,0.491,24.5,15.5,66.7,0.775,0.672,0.052,0.707,0.36,,,0.667,0.583,0.437,0.053,0.45,c99f3bde-7c08-4de8-bd5c-8ee9123ebffa
GPT-5.4 nano (Non-Reasoning),gpt-5-4-nano-non-reasoning,OpenAI,2026-03-17,0.2,1.25,0.463,224.639,0.512,24.4,27.9,,,0.558,0.042,,0.352,,,,0.327,0.247,0.242,0.348,c298d1a8-606c-4971-8613-ccdaaf941043
MiniMax M1 80k,minimax-m1-80k,MiniMax,2025-06-17,0.55,2.2,0.963,0,0,24.4,14.5,61,0.816,0.697,0.082,0.711,0.374,0.98,0.847,0.61,0.418,0.543,0.03,0.342,9ca246a7-cf13-42c9-9182-5b5ad6b79026
NVIDIA Nemotron 3 Nano 30B A3B (Reasoning),nvidia-nemotron-3-nano-30b-a3b-reasoning,NVIDIA,2025-12-15,0.06,0.24,0.105,181.172,0.91,24.3,19,91,0.794,0.757,0.102,0.741,0.296,,,0.91,0.711,0.337,0.136,0.409,76dcf6ef-39ea-4be0-b693-b88da25b4caf
Gemini 2.5 Flash Preview (Reasoning),gemini-2-5-flash-reasoning-04-2025,Google,2025-04-17,0,0,0,0,0,24.3,,,0.8,0.698,0.116,0.505,0.359,0.981,0.843,,,,,,68c89ebf-779c-4445-9241-de964cd17355
K2 Think V2,k2-think-v2,MBZUAI Institute of Foundation Models,2025-12-15,0,0,0,0,0,24.1,15.5,,,0.713,0.095,,0.33,,,,0.628,0.527,0.068,0.254,5a49ef80-3af5-404b-8ac0-e1b230ae95de
LongCat Flash Lite,longcat-flash-lite,LongCat,2026-01-28,0,0,0,124.718,3.742,23.9,16.5,,,0.636,0.06,,0.284,,,,0.431,0.257,0.106,0.795,6056731b-c705-455b-aa0d-43cbf29b1054
GPT-5 (minimal),gpt-5-minimal,OpenAI,2025-08-07,1.25,10,3.438,56.419,1.154,23.9,25.1,31.7,0.806,0.673,0.054,0.558,0.388,0.861,0.367,0.317,0.456,0.25,0.182,0.67,c3738fb0-3408-4430-a699-760ae4b70c93
HyperCLOVA X SEED Think (32B),hyperclova-x-seed-think-32b,Naver,2025-12-26,0,0,0,0,0,23.7,17.5,59,0.785,0.615,0.055,0.629,0.284,,,0.59,0.379,0.117,0.121,0.874,339a92c1-8a42-417f-8d1f-cdbc605acd9e
o1-preview,o1-preview,OpenAI,2024-09-12,16.5,66,28.875,0,0,23.7,34,,,,,,,0.924,,,,,,,078f4dc8-5350-40a2-a5ea-e8359f795b70
Grok 4.1 Fast (Non-reasoning),grok-4-1-fast,xAI,2025-11-19,0.2,0.5,0.275,117.523,0.321,23.6,19.5,34.3,0.743,0.637,0.05,0.399,0.296,,,0.343,0.365,0.22,0.144,0.637,49fd01f9-887d-4479-b8ce-771a81ecef4e
K-EXAONE (Non-reasoning),k-exaone-non-reasoning,LG AI Research,2025-12-31,0,0,0,0,0,23.4,13.5,44,0.81,0.695,0.054,,0.27,,,0.44,0.396,0.47,0.068,0.591,9cc377dc-67ae-4042-bafc-0466b5f05089
GLM-4.6V (Reasoning),glm-4-6v-reasoning,Z AI,2025-12-08,0.3,0.9,0.45,27.838,1.117,23.4,19.7,85.3,0.799,0.719,0.089,0.16,0.304,,,0.853,0.301,0.403,0.144,0.316,d2d7dd95-770f-4cb0-9bbc-d275ac19c265
GPT-5.4 mini (Non-Reasoning),gpt-5-4-mini-non-reasoning,OpenAI,2026-03-17,0.75,4.5,1.688,189.449,0.413,23.3,25.3,,,0.606,0.057,,0.396,,,,0.388,0.303,0.182,0.234,ae447455-940d-4d30-9139-a664fa896eaf
Nova 2.0 Omni (low),nova-2-0-omni-reasoning-low,Amazon,2025-11-26,0.3,2.5,0.85,0,0,23.2,13.9,56,0.798,0.699,0.04,0.592,0.343,,,0.56,0.618,0.51,0.038,0.678,b36ff8f3-0323-49d1-a063-ab09704fdb0c
GLM-4.5-Air,glm-4-5-air,Z AI,2025-07-28,0.2,1.1,0.425,105.43,0.64,23.2,23.8,80.7,0.815,0.733,0.068,0.684,0.306,0.965,0.673,0.807,0.376,0.437,0.205,0.465,5d303dc9-c027-401f-9803-4e9aa3331007
Nova 2.0 Pro Preview (Non-reasoning),nova-2-0-pro,Amazon,2025-11-27,1.25,10,3.438,166.248,0.47,23.1,20.5,30.7,0.772,0.636,0.04,0.473,0.281,,,0.307,0.52,0.283,0.167,0.716,a20ae33a-46e1-41e6-81a0-fe8b00d2e538
Mi:dm K 2.5 Pro,mi-dm-k-2-5-pro-dec28,Korea Telecom,2025-12-11,0,0,0,0,0,23.1,12.6,76.7,0.809,0.701,0.077,0.656,0.332,,,0.767,0.493,0.09,0.023,0.865,df4c5a29-4b5c-4fef-9f7f-5e24e118ab65
Grok 4 Fast (Non-reasoning),grok-4-fast,xAI,2025-09-19,0.2,0.5,0.275,122.683,0.295,23.1,19,41.3,0.73,0.606,0.05,0.401,0.329,,,0.413,0.377,0.2,0.121,0.637,2dbb6dc7-8c40-4b6d-af9c-cf805f83b79a
GPT-4.1 mini,gpt-4-1-mini,OpenAI,2025-04-14,0.4,1.6,0.7,64.482,0.519,22.9,18.5,46.3,0.781,0.664,0.046,0.483,0.404,0.925,0.43,0.463,0.383,0.423,0.076,0.529,9f7c7566-a704-49a2-a383-cb3181da33a4
Mistral Large 3,mistral-large-3,Mistral,2025-12-02,0.5,1.5,0.75,58.157,0.505,22.8,22.7,38,0.807,0.68,0.041,0.465,0.362,,,0.38,0.362,0.347,0.159,0.246,4928e950-7f37-4475-b0dc-c5bad781a321
Ring-1T,ring-1t,InclusionAI,2025-10-13,0,0,0,0,0,22.8,16.8,89.3,0.806,0.774,0.102,0.643,0.367,,,0.893,0.446,0.457,0.068,0.263,a29e66d6-1c3c-456a-8770-59ee3845b35d
Qwen3.5 4B (Non-reasoning),qwen3-5-4b-non-reasoning,Alibaba,2026-03-02,0,0,0,0,0,22.6,13.7,,,0.712,0.075,,0.183,,,,0.333,0.283,0.114,0.877,30c9ba61-d0a1-4794-938e-35865f379d15
Qwen3 30B A3B 2507 (Reasoning),qwen3-30b-a3b-2507-reasoning,Alibaba,2025-07-30,0.2,2.4,0.75,144.183,0.987,22.4,14.7,56.3,0.805,0.707,0.098,0.707,0.333,0.976,0.907,0.563,0.507,0.59,0.053,0.281,5e0164b3-d902-4bcb-a1b2-83b4f4cd6143
DeepSeek V3 0324,deepseek-v3-0324,DeepSeek,2025-03-25,1.25,1.45,1.25,0,0,22.3,22,41,0.819,0.655,0.052,0.405,0.358,0.942,0.52,0.41,0.41,0.41,0.152,0.471,75e1c197-f239-4361-a9d6-66dccfead236
INTELLECT-3,intellect-3,Prime Intellect,2025-11-27,0,0,0,0,0,22.2,19.1,88,0.822,0.761,0.121,0.777,0.391,,,0.88,0.34,0.323,0.091,0.266,369329e4-629f-425d-975a-e8980aec2965
GLM-4.7-Flash (Non-reasoning),glm-4-7-flash-non-reasoning,Z AI,2026-01-19,0.07,0.4,0.152,89.922,1.231,22.1,11,,,0.452,0.049,,0.255,,,,0.463,0.147,0.038,0.918,c8673741-5e1a-46a1-9e4f-710a5c920982
Devstral 2,devstral-2,Mistral,2025-12-09,0,0,0,81.196,0.375,22,23.7,36.7,0.762,0.594,0.036,0.448,0.331,,,0.367,0.381,0.3,0.189,0.249,09f43999-b67b-4c1b-b050-44df41ed7e62
GPT-5 (ChatGPT),gpt-5-chatgpt,OpenAI,2025-08-07,1.25,10,3.438,124.389,0.566,21.8,21.2,48.3,0.82,0.686,0.058,0.543,0.378,,,0.483,0.45,0.637,0.129,0,eab1492c-b853-4852-aa71-06b0ec2481c1
Solar Open 100B (Reasoning),solar-open-100b-reasoning,Upstage,2025-12-17,0,0,0,0,0,21.7,10.5,,,0.657,0.092,,0.269,,,,0.577,0.36,0.023,0.482,59a1bb20-9170-4dc2-ba9c-12d326cf068e
Gemini 2.5 Flash-Lite Preview (Sep '25) (Reasoning),gemini-2-5-flash-lite-preview-09-2025-reasoning,Google,2025-09-08,0.1,0.4,0.175,400.905,5.639,21.6,18.1,68.7,0.808,0.709,0.066,0.688,0.287,,,0.687,0.526,0.59,0.129,0.307,84922739-425f-46e1-87ac-bb4268dcacbb
Grok 3 Reasoning Beta,grok-3-reasoning,xAI,2025-02-19,0,0,0,0,0,21.6,,,,,,,,,,,,,,,ec3b22e6-48ac-416a-b4ae-55565a4f3046
Mistral Medium 3.1,mistral-medium-3-1,Mistral,2025-08-12,0.4,2,0.8,78.686,0.402,21.3,18.3,38.3,0.683,0.588,0.044,0.406,0.338,,,0.383,0.398,0.197,0.106,0.406,05a32e26-e609-4377-951b-8fa23d329926
MiniMax M1 40k,minimax-m1-40k,MiniMax,2025-06-17,0,0,0,0,0,20.9,14.1,13.7,0.808,0.682,0.075,0.657,0.378,0.972,0.813,0.137,0.412,0.517,0.023,0.316,385376b1-9815-47dd-83cc-85aac34f247d
gpt-oss-20B (low),gpt-oss-20b-low,OpenAI,2025-08-05,0.06,0.2,0.094,268.297,0.484,20.8,14.4,62.3,0.718,0.611,0.051,0.652,0.34,,,0.623,0.578,0.31,0.045,0.503,16149b9c-a1e9-4669-a5cb-ff3c00d78f89
Qwen3 VL 235B A22B Instruct,qwen3-vl-235b-a22b-instruct,Alibaba,2025-09-23,0.7,2.8,1.225,58.681,1.045,20.8,16.5,70.7,0.823,0.712,0.063,0.594,0.359,,,0.707,0.427,0.317,0.068,0.351,d58cf573-1bd3-4d1f-9182-5482a460f570
GPT-5 mini (minimal),gpt-5-mini-minimal,OpenAI,2025-08-07,0.25,2,0.688,90.578,0.847,20.7,21.9,46.7,0.775,0.687,0.05,0.545,0.369,,,0.467,0.456,0.357,0.144,0.319,bc26bfdb-4923-4442-a6ca-e77392923581
K2-V2 (high),k2-v2,MBZUAI Institute of Foundation Models,2025-12-05,0,0,0,0,0,20.6,16.1,78.3,0.786,0.681,0.098,0.694,0.286,,,0.783,0.601,0.333,0.098,0.278,a38d719a-709c-4983-b3e7-7090389ae9a6
Gemini 2.5 Flash (Non-reasoning),gemini-2-5-flash,Google,2025-05-20,0.3,2.5,0.85,199.046,0.468,20.6,17.8,60.3,0.809,0.683,0.051,0.495,0.291,0.932,0.5,0.603,0.39,0.459,0.121,0.149,6afbfb62-27e4-435e-9c85-d9fe1b92519e
o1-mini,o1-mini,OpenAI,2024-09-12,0,0,0,0,0,20.4,,,0.742,0.603,0.049,0.576,0.323,0.944,0.603,,,,,,b515503d-4d65-4a3f-8a4a-6c731e2b079f
Qwen3 Next 80B A3B Instruct,qwen3-next-80b-a3b-instruct,Alibaba,2025-09-11,0.5,2,0.875,142.926,0.954,20.1,15.3,66.3,0.819,0.738,0.073,0.684,0.307,,,0.663,0.397,0.513,0.076,0.216,2698f6c6-e436-47ce-a583-dbc25596c571
Tri-21B-think Preview,tri-21b-think-preview,Trillion Labs,2026-02-10,0,0,0,0,0,20,7.4,,,0.538,0.057,,0.178,,,,0.471,0.147,0.023,0.933,60cff809-05fb-4439-afe7-8b1476439f49
GPT-4.5 (Preview),gpt-4-5,OpenAI,2025-02-27,0,0,0,0,0,20,,,,,,,,,,,,,,,5ce30d25-5353-45bb-bef9-6b87480ba3a2
Qwen3 Coder 30B A3B Instruct,qwen3-coder-30b-a3b-instruct,Alibaba,2025-07-31,0.45,2.25,0.9,25.453,1.446,20,19.4,29,0.706,0.516,0.04,0.403,0.278,0.893,0.297,0.29,0.327,0.29,0.152,0.345,da9fe224-8af3-46d7-a8c4-6220779c3f35
Qwen3 235B A22B (Reasoning),qwen3-235b-a22b-instruct-reasoning,Alibaba,2025-04-28,0.7,8.4,2.625,52.424,1.109,19.8,17.4,82,0.828,0.7,0.117,0.622,0.399,0.93,0.84,0.82,0.387,0,0.061,0.24,bbe6d782-e630-48d5-b11c-3ce37f373f1e
QwQ 32B,qwq-32b,Alibaba,2025-03-05,0.66,1,0.745,32.659,0.455,19.7,,29,0.764,0.593,0.082,0.631,0.358,0.957,0.78,0.29,0.388,0.25,,,ceb4d610-d0a4-48c1-bea0-80ed76f1e5ca
Qwen3 VL 30B A3B (Reasoning),qwen3-vl-30b-a3b-reasoning,Alibaba,2025-10-03,0.2,2.4,0.75,128.082,0.953,19.7,13.1,82.3,0.807,0.72,0.087,0.697,0.288,,,0.823,0.451,0.407,0.053,0.199,ce3d286e-093d-413d-a81a-0270309f039e
Gemini 2.0 Flash Thinking Experimental (Jan '25),gemini-2-0-flash-thinking-exp-0121,Google,2025-01-21,0,0,0,0,0,19.6,24.1,,0.798,0.701,0.071,0.321,0.329,0.944,0.5,,,,,,0399e614-5d46-484f-9183-e4f32d74e1c6
Devstral Small 2,devstral-small-2,Mistral,2025-12-09,0,0,0,197.846,0.332,19.5,20.7,34.3,0.678,0.532,0.034,0.348,0.288,,,0.343,0.312,0.24,0.167,0.234,ce819310-af7c-49d3-9a02-6845111e1788
Gemini 2.5 Flash-Lite Preview (Sep '25) (Non-reasoning),gemini-2-5-flash-lite-preview-09-2025,Google,2025-09-25,0.1,0.4,0.175,362.016,0.349,19.4,14.5,46.7,0.796,0.651,0.046,0.641,0.285,,,0.467,0.418,0.48,0.076,0.304,71f51ea9-94fe-4635-a80d-4cfffbb685f4
Motif-2-12.7B-Reasoning,motif-2-12-7b,Motif Technologies,2025-12-04,0,0,0,0,0,19.1,11.9,80.3,0.796,0.695,0.082,0.651,0.282,,,0.803,0.57,0.13,0.038,0.465,666eb13f-0d22-4438-8eb0-01876e1a8604
Nova Premier,nova-premier,Amazon,2025-04-30,2.5,12.5,5,63.803,0.876,19,13.8,17.3,0.733,0.569,0.047,0.317,0.279,0.839,0.17,0.173,0.362,0.3,0.068,0.383,e58bbffd-fdc2-412a-b6d7-ca0e3f5d611a
Ling-1T,ling-1t,InclusionAI,2025-10-08,0,0,0,0,0,19,18.8,71.3,0.822,0.719,0.072,0.677,0.352,,,0.713,0.348,0.347,0.106,0.327,15b56b8e-7b93-4ed9-ac06-75c922e3b86e
Mistral Medium 3,mistral-medium-3,Mistral,2025-05-07,0.4,2,0.8,45.259,0.403,18.8,13.6,30.3,0.76,0.578,0.043,0.4,0.331,0.907,0.44,0.303,0.393,0.28,0.038,0.243,59e22326-1bca-4432-a5fa-147fbe8854e7
Magistral Medium 1,magistral-medium,Mistral,2025-06-10,0,0,0,0,0,18.8,16,40.3,0.753,0.679,0.095,0.527,0.297,0.917,0.7,0.403,0.251,0,0.091,0.231,660965b2-66d2-49ee-a6b9-79a6ac47d3c0
DeepSeek R1 (Jan '25),deepseek-r1-0120,DeepSeek,2025-01-20,1.35,4,2.362,0,0,18.8,15.9,68,0.844,0.708,0.093,0.617,0.357,0.966,0.683,0.68,0.39,0.523,0.061,0.114,0e34f05c-387e-4968-be15-ccec4a55d8c1
Solar Pro 2 (Preview) (Reasoning),solar-pro-2-preview-reasoning,Upstage,2025-05-20,0,0,0,0,0,18.8,,,0.768,0.578,0.057,0.462,0.164,0.9,0.663,,,,,,8e78cf7a-5b76-4beb-beba-b99c6233b208
Llama Nemotron Super 49B v1.5 (Reasoning),llama-nemotron-super-49b-v1-5-reasoning,NVIDIA,2025-07-25,0.1,0.4,0.175,69.173,0.246,18.7,15.2,76.7,0.814,0.748,0.068,0.737,0.348,0.983,0.86,0.767,0.37,0.34,0.053,0.281,e1cfa926-9e2b-4a0d-8c31-48366a5041c5
K2-V2 (medium),k2-v2-medium,MBZUAI Institute of Foundation Models,2025-12-05,0,0,0,0,0,18.7,14,64.7,0.761,0.598,0.044,0.541,0.252,,,0.647,0.551,0.28,0.083,0.249,dd738be7-2b69-4775-91a5-8851d3341c2d
Claude 3.5 Haiku,claude-3-5-haiku,Anthropic,2024-10-22,0.8,4,1.6,0,0,18.7,10.7,,0.634,0.408,0.035,0.314,0.274,0.721,0.033,,0.428,0.233,0.023,0.246,033e4aa9-a556-4224-87b0-341ed1070257
Devstral Medium,devstral-medium,Mistral,2025-07-10,0.4,2,0.8,136.835,0.413,18.7,15.9,4.7,0.708,0.492,0.038,0.337,0.294,0.707,0.067,0.047,0.299,0.287,0.091,0.199,aba82268-2bb7-4a0f-80be-9b7722e2145b
Mistral Small 4 (Non-reasoning),mistral-small-4-non-reasoning,Mistral,2026-03-16,0.15,0.6,0.263,158.374,0.417,18.6,16.4,,,0.571,0.037,,0.281,,,,0.328,0.213,0.106,0.184,12f6a061-0ab3-4c76-b225-49abee253651
Hermes 4 - Llama-3.1 405B (Reasoning),hermes-4-llama-3-1-405b-reasoning,Nous Research,2025-08-27,1,3,1.5,32.618,0.725,18.6,16,69.7,0.829,0.727,0.103,0.686,0.252,,,0.697,0.327,0.207,0.114,0.222,82b207dd-d285-4a52-b2fc-2cbd27543899
Tri-21B-Think,tri-21b-think-v0-5,Trillion Labs,2026-02-10,0,0,0,0,0,18.6,6.3,,,0.601,0.061,,0.174,,,,0.546,0.11,0.008,0.81,5d891609-fe1c-4e8d-b9f0-5b0ff6d9f439
GPT-4o (Aug '24),gpt-4o-2024-08-06,OpenAI,2024-08-06,2.5,10,4.375,86.988,0.564,18.6,16.6,,,0.521,0.029,0.317,0.331,0.795,0.117,,0.36,0.35,0.083,0.289,8c1be908-67b6-4cf4-ba08-83ddbe44fde3
"GPT-4o (March 2025, chatgpt-4o-latest)",gpt-4o-chatgpt-03-25,OpenAI,2025-03-27,0,0,0,0,0,18.6,,25.7,0.803,0.655,0.05,0.425,0.366,0.893,0.327,0.257,,,,,575498d6-60ec-466b-9372-fea19911fd07
Llama 3.3 Nemotron Super 49B v1 (Reasoning),llama-3-3-nemotron-super-49b-reasoning,NVIDIA,2025-03-18,0,0,0,0,0,18.5,9.4,54.7,0.785,0.643,0.065,0.277,0.282,0.959,0.583,0.547,0.381,0.17,0,0.269,1a8ba535-df18-459b-ad40-3199191296d7
Gemini 2.0 Flash (Feb '25),gemini-2-0-flash,Google,2025-02-05,0.15,0.6,0.263,0,0,18.5,13.6,21.7,0.779,0.623,0.053,0.334,0.333,0.93,0.33,0.217,0.402,0.283,0.038,0.295,bcca0e70-7e80-4c07-b1fa-b33bcfb19e51
Llama 4 Maverick,llama-4-maverick,Meta,2025-04-05,0.31,0.91,0.487,127.297,0.491,18.4,15.6,19.3,0.809,0.671,0.048,0.397,0.331,0.889,0.39,0.193,0.43,0.46,0.068,0.178,922c69c7-9037-43c6-8bcf-a1c555e7f3eb
Magistral Small 1.2,magistral-small-2509,Mistral,2025-09-17,0.5,1.5,0.75,103.842,0.337,18.2,14.8,80.3,0.768,0.663,0.061,0.723,0.352,,,0.803,0.444,0.163,0.045,0.278,70152cb0-fb36-4732-a925-89ef40994be1
Sarvam 105B (Reasoning),sarvam-105b,Sarvam,2026-03-06,0,0,0,110.76,1.842,18.2,9.8,,,0.738,0.101,,0.264,,,,0.344,0,0.015,0.468,45790612-02e3-4c42-b5bd-cd7ed2ea1f2f
Qwen3 4B 2507 (Reasoning),qwen3-4b-2507-instruct-reasoning,Alibaba,2025-08-06,0,0,0,0,0,18.2,9.5,82.7,0.743,0.667,0.059,0.641,0.256,,,0.827,0.498,0.377,0.015,0.254,2aacdc07-5f4e-4ab9-8ea5-5f7ab93f9eeb
Gemini 2.0 Pro Experimental (Feb '25),gemini-2-0-pro-experimental-02-05,Google,2025-02-05,0,0,0,0,0,18.1,25.5,,0.805,0.622,0.068,0.347,0.312,0.923,0.36,,,,,,c6a47d8a-7517-46e2-8383-329fe7241725
Nova 2.0 Lite (Non-reasoning),nova-2-0-lite,Amazon,2025-10-29,0.3,2.5,0.85,177.265,0.556,18,12.5,33.7,0.743,0.603,0.03,0.346,0.24,,,0.337,0.405,0.177,0.068,0.62,76bce7fb-3a3f-4b66-a78d-35ccf3edf5d2
Claude 3 Opus,claude-3-opus,Anthropic,2024-03-04,15,75,30,0,0,18,19.5,,0.696,0.489,0.031,0.279,0.233,0.641,0.033,,,,,,7829427f-f0e3-4f6d-a228-5fbf70dacc02
Devstral Small (May '25),devstral-small-2505,Mistral,2025-05-21,0.06,0.12,0.075,0,0,18,12.2,,0.632,0.434,0.04,0.258,0.245,0.684,0.067,,0.316,0.267,0.061,0.38,cc1fa238-1a76-486d-a997-22309275eadd
Sonar Reasoning,sonar-reasoning,Perplexity,2025-01-28,0,0,0,0,0,17.9,,,,0.623,,,,0.921,0.77,,,,,,04751bd4-0c5d-416b-a5f2-83727c5bfcda
Gemini 2.5 Flash Preview (Non-reasoning),gemini-2-5-flash-04-2025,Google,2025-04-17,0,0,0,0,0,17.8,,,0.783,0.594,0.05,0.406,0.233,0.926,0.433,,,,,,55a3ebf6-6117-4cc1-8596-c6de6e552fd4
Hermes 4 - Llama-3.1 405B (Non-reasoning),hermes-4-llama-3-1-405b,Nous Research,2025-08-27,1,3,1.5,31.509,0.689,17.6,18.1,15.3,0.729,0.536,0.042,0.546,0.346,,,0.153,0.348,0.2,0.098,0.266,d3968fd3-97d8-4693-8d26-19cefc6f5d5f
Gemini 2.5 Flash-Lite (Reasoning),gemini-2-5-flash-lite-reasoning,Google,2025-06-17,0.1,0.4,0.175,312.239,14.968,17.6,9.5,53.3,0.759,0.625,0.064,0.593,0.193,0.969,0.703,0.533,0.499,0.513,0.045,0.184,f4e8194a-d0e6-48eb-92be-4307de5aeeec
Llama 3.1 Instruct 405B,llama-3-1-instruct-405b,Meta,2024-07-23,2.75,6.5,3.688,32.636,0.495,17.4,14.5,3,0.732,0.515,0.042,0.305,0.299,0.703,0.213,0.03,0.39,0.243,0.068,0.19,45c87531-2d57-48e0-8012-202cd636189e
GPT-4o (Nov '24),gpt-4o,OpenAI,2024-11-20,2.5,10,4.375,125.948,0.469,17.3,16.7,6,0.748,0.543,0.033,0.309,0.333,0.759,0.15,0.06,0.343,0,0.083,0.251,c1045dc0-4fd3-4adb-9548-18763e0d051f
DeepSeek R1 Distill Qwen 32B,deepseek-r1-distill-qwen-32b,DeepSeek,2025-01-20,0.27,0.27,0.27,60.432,0.474,17.2,,63,0.739,0.615,0.055,0.27,0.376,0.941,0.687,0.63,0.229,0.097,,,df95f83f-5ebb-466a-9d2d-b95efc8c012c
Qwen3 VL 32B Instruct,qwen3-vl-32b-instruct,Alibaba,2025-10-21,0.7,2.8,1.225,72.827,1.036,17.2,15.6,68.3,0.791,0.671,0.063,0.514,0.301,,,0.683,0.392,0.313,0.083,0.292,6da314d3-a984-4734-8f31-47dd32fb4699
GLM-4.6V (Non-reasoning),glm-4-6v,Z AI,2025-12-08,0.3,0.9,0.45,20.997,5.886,17.1,11.1,26.3,0.752,0.566,0.037,0.411,0.272,,,0.263,0.279,0.123,0.03,0.307,43098bd0-77ca-408b-b698-9d60b1d1c3b8
Qwen3 235B A22B (Non-reasoning),qwen3-235b-a22b-instruct,Alibaba,2025-04-28,0.7,2.8,1.225,49.671,1.226,17,14,23.7,0.762,0.613,0.047,0.343,0.299,0.902,0.327,0.237,0.366,0,0.061,0.272,43573c57-2403-46fb-af4b-a93de9a0c3f5
Gemini 2.0 Flash (experimental),gemini-2-0-flash-experimental,Google,2024-12-11,0,0,0,0,0,16.8,,,0.782,0.636,0.047,0.21,0.34,0.911,0.3,,,,,,fddb72bd-60d3-41af-acc5-3df9a290eb8e
Magistral Small 1,magistral-small,Mistral,2025-06-10,0,0,0,0,0,16.8,11.1,41.3,0.746,0.641,0.072,0.514,0.241,0.963,0.713,0.413,0.248,0,0.045,0.266,0fec07d5-a9b2-407a-b5f8-5bf10bd86b59
EXAONE 4.0 32B (Reasoning),exaone-4-0-32b-reasoning,LG AI Research,2025-07-15,0,0,0,0,0,16.7,14,80,0.818,0.739,0.105,0.747,0.344,0.977,0.843,0.8,0.363,0.14,0.038,0.173,44b19b51-5367-4ef9-a2ff-2f90b89a0867
Qwen3 VL 8B (Reasoning),qwen3-vl-8b-reasoning,Alibaba,2025-10-14,0.18,2.1,0.66,136.986,1.051,16.7,9.8,30.7,0.749,0.579,0.033,0.353,0.219,,,0.307,0.399,0.31,0.038,0.225,dec8073c-57e2-41c0-b1aa-7a62960f103f
Nova 2.0 Omni (Non-reasoning),nova-2-0-omni,Amazon,2025-11-26,0.3,2.5,0.85,215.369,0.607,16.6,13.8,37,0.719,0.555,0.039,0.305,0.279,,,0.37,0.411,0.223,0.068,0.447,1f6478c9-3e22-4586-adbe-841782859677
DeepSeek V3 (Dec '24),deepseek-v3,DeepSeek,2024-12-26,0.4,0.89,0.625,0,0,16.5,16.4,26,0.752,0.557,0.036,0.359,0.354,0.887,0.253,0.26,0.348,0.29,0.068,0.228,43fc5506-c5ed-4dee-9b85-962bf7ae3986
Qwen3 32B (Reasoning),qwen3-32b-instruct-reasoning,Alibaba,2025-04-28,0.7,8.4,2.625,101.734,1.033,16.5,13.8,73,0.798,0.668,0.083,0.546,0.354,0.961,0.807,0.73,0.363,0,0.03,0.298,b00ecd62-a53f-4aed-b833-3e9d6b0170ba
DeepSeek R1 0528 Qwen3 8B,deepseek-r1-qwen3-8b,DeepSeek,2025-05-29,0,0,0,0,0,16.4,7.8,63.7,0.739,0.612,0.056,0.513,0.204,0.932,0.65,0.637,0.199,0.13,0.015,0,6000145b-0e3d-4fef-a55f-bcaac84803b2
Qwen3.5 2B (Reasoning),qwen3-5-2b,Alibaba,2026-03-02,0,0,0,0,0,16.3,3.5,,,0.456,0.021,,0.028,,,,0.315,0.237,0.038,0.69,5d4acc80-7a88-4e84-bfe7-99071b84e6a4
Qwen2.5 Max,qwen-2-5-max,Alibaba,2025-01-28,1.6,6.4,2.8,47.853,1.09,16.3,,,0.762,0.587,0.045,0.359,0.337,0.835,0.233,,,,,,b9dc72c6-7bea-4936-a55a-4b0c835fc755
Qwen3 14B (Reasoning),qwen3-14b-instruct-reasoning,Alibaba,2025-04-28,0.35,4.2,1.313,65.224,1.043,16.2,13.1,55.7,0.774,0.604,0.043,0.523,0.316,0.961,0.763,0.557,0.405,0,0.038,0.345,4559e9f0-8aad-4681-89fb-68cb915e0f16
Nanbeige4.1-3B,nanbeige4-1-3b,Nanbeige,2026-02-11,0,0,0,0,0,16.1,8.9,,,0.849,0.1,,0.266,,,,0.354,0,0,0.216,7d73161f-002f-4c9c-b4f8-6c4d91f2ba8e
Qwen3 VL 30B A3B Instruct,qwen3-vl-30b-a3b-instruct,Alibaba,2025-10-03,0.2,0.8,0.35,121.858,0.98,16.1,14.3,72.3,0.764,0.695,0.064,0.476,0.308,,,0.723,0.331,0.237,0.061,0.19,51d0b717-953d-4b44-af61-406c6b7dff39
Ministral 3 14B,ministral-3-14b,Mistral,2025-12-02,0.2,0.2,0.2,120.781,0.306,16,10.9,30,0.693,0.572,0.046,0.351,0.236,,,0.3,0.32,0.22,0.045,0.272,713fae11-c75c-4f10-ae2c-8e4074cd58af
DeepSeek R1 Distill Llama 70B,deepseek-r1-distill-llama-70b,DeepSeek,2025-01-20,0.7,1.05,0.875,58.713,0.822,16,11.4,53.7,0.795,0.402,0.061,0.266,0.312,0.935,0.67,0.537,0.276,0.11,0.015,0.219,4a845d7b-a52d-43bb-80b7-b58c7a0c155e
Hermes 4 - Llama-3.1 70B (Reasoning),hermes-4-llama-3-1-70b-reasoning,Nous Research,2025-08-27,0.13,0.4,0.198,80.869,0.567,16,14.4,68.7,0.811,0.699,0.079,0.653,0.341,,,0.687,0.313,0.067,0.045,0.225,6ba9e8eb-8124-436d-842f-dbe36df80c27
Gemini 1.5 Pro (Sep '24),gemini-1-5-pro,Google,2024-09-24,0,0,0,0,0,16,23.6,,0.75,0.589,0.049,0.316,0.295,0.876,0.23,,,,,,2ac96b67-f4f8-4c8c-ac08-c7510faa7bb9
Solar Pro 2 (Preview) (Non-reasoning),solar-pro-2-preview,Upstage,2025-05-20,0,0,0,0,0,16,,,0.725,0.544,0.038,0.385,0.272,0.871,0.297,,,,,,432d6c36-8825-47f3-b4eb-58529cea346b
Claude 3.5 Sonnet (Oct '24),claude-35-sonnet,Anthropic,2024-10-22,3,15,6,0,0,15.9,30.2,,0.772,0.599,0.039,0.381,0.366,0.771,0.157,,,,,,0a603978-03b9-4f47-a273-2f7fd969be85
Falcon-H1R-7B,falcon-h1r-7b,TII UAE,2026-01-04,0,0,0,0,0,15.8,9.8,80,0.725,0.661,0.108,0.724,0.249,,,0.8,0.544,0.087,0.023,0.278,c76e0ae8-0fd2-45c0-a39d-d398fce9b128
DeepSeek R1 Distill Qwen 14B,deepseek-r1-distill-qwen-14b,DeepSeek,2025-01-20,0,0,0,0,0,15.8,,55.7,0.74,0.484,0.044,0.376,0.239,0.949,0.667,0.557,0.221,0.07,,,b26ff709-1773-4595-ae44-78e0a5bac29c
Ling-flash-2.0,ling-flash-2-0,InclusionAI,2025-09-17,0.14,0.57,0.247,67.178,1.687,15.7,16.7,65.3,0.777,0.657,0.063,0.589,0.289,,,0.653,0.344,0.15,0.106,0.208,882a5da3-94ca-4602-8693-c45970df17e2
Qwen3 Omni 30B A3B (Reasoning),qwen3-omni-30b-a3b-reasoning,Alibaba,2025-09-22,0.25,0.97,0.43,102.617,0.946,15.6,12.7,74,0.792,0.726,0.073,0.679,0.306,,,0.74,0.434,0,0.038,0.213,b97ef678-2d31-4375-9416-67ea97f87204
Qwen2.5 Instruct 72B,qwen2-5-72b-instruct,Alibaba,2024-09-19,0,0,0,54.562,1.07,15.6,11.9,14,0.72,0.491,0.042,0.276,0.267,0.858,0.16,0.14,0.369,0.203,0.045,0.345,b4f7d7a4-869a-4ee7-b17a-4046cd1e79fd
Sonar,sonar,Perplexity,2025-01-21,0,0,0,0,0,15.5,,,0.689,0.471,0.073,0.295,0.229,0.817,0.487,,,,,,5ec4a0db-da66-4e46-9682-fceeed755ef8
Step3 VL 10B,step-3-vl-10b,StepFun,2026-01-20,0,0,0,0,0,15.4,13.9,,,0.69,0.102,,0.311,,,,0.502,0,0.053,0.161,acad0665-9457-4531-abd5-b59efd7a89ea
Qwen3 30B A3B (Reasoning),qwen3-30b-a3b-instruct-reasoning,Alibaba,2025-04-28,0.2,2.4,0.75,58.049,1.073,15.3,11,72.3,0.777,0.616,0.066,0.506,0.285,0.959,0.753,0.723,0.415,0,0.023,0.26,3e6cf518-a1f4-42d3-8fcf-827c9bd8e6d5
Devstral Small (Jul '25),devstral-small,Mistral,2025-07-10,0.1,0.3,0.15,173.494,0.334,15.2,12.1,29.3,0.622,0.414,0.037,0.254,0.243,0.635,0.003,0.293,0.346,0.17,0.061,0.284,9eae4ec4-61b8-48bc-9843-3edd506ae933
Sonar Pro,sonar-pro,Perplexity,2025-01-21,0,0,0,0,0,15.2,,,0.755,0.578,0.079,0.275,0.226,0.745,0.29,,,,,,3435db18-9227-45a5-8e79-9546b14b5aaa
QwQ 32B-Preview,QwQ-32B-Preview,Alibaba,2024-11-27,0.12,0.18,0.135,61.623,0.455,15.2,,,0.648,0.557,0.048,0.337,0.038,0.91,0.453,,,,,,8823351e-8232-4c9c-8a1d-cd2c1d2c1196
Mistral Large 2 (Nov '24),mistral-large-2,Mistral,2024-11-18,2,6,3,41.413,0.454,15.1,13.8,14,0.697,0.486,0.04,0.293,0.292,0.736,0.11,0.14,0.312,0.053,0.061,0.307,50f92d5f-f413-4c97-8dab-331101622a28
Mistral Small 3.2,mistral-small-3-2,Mistral,2025-06-20,0.1,0.3,0.15,199.668,0.3,15.1,13.3,27,0.681,0.505,0.043,0.275,0.264,0.883,0.323,0.27,0.335,0.173,0.068,0.295,43da3718-3d6e-40dd-901a-05664179ff7f
GLM-4.5V (Reasoning),glm-4-5v-reasoning,Z AI,2025-08-11,0.6,1.8,0.9,44.496,0.966,15.1,10.9,73,0.788,0.684,0.059,0.604,0.221,,,0.73,0.342,0,0.053,0.225,3068def4-7270-4c06-a320-6f6a5623d564
Llama 3.1 Nemotron Ultra 253B v1 (Reasoning),llama-3-1-nemotron-ultra-253b-v1-reasoning,NVIDIA,2025-04-07,0.6,1.8,0.9,42.296,0.65,15,13.1,63.7,0.825,0.728,0.081,0.641,0.347,0.952,0.747,0.637,0.382,0.073,0.023,0.114,cf095603-72b6-47f8-8ee1-09a42890f92a
ERNIE 4.5 300B A47B,ernie-4-5-300b-a47b,Baidu,2025-06-30,0.28,1.1,0.485,31.379,1.871,15,14.5,41.3,0.776,0.811,0.035,0.467,0.315,0.931,0.493,0.413,0.391,0.023,0.061,0,ae4fe623-80ab-4ea3-8921-70a18ea0fc7e
Qwen3 30B A3B 2507 Instruct,qwen3-30b-a3b-2507,Alibaba,2025-07-29,0.2,0.8,0.35,58.99,1.046,15,14.2,66.3,0.777,0.659,0.068,0.515,0.304,0.975,0.727,0.663,0.331,0.227,0.061,0.102,7ec1065a-c90e-41e4-bd17-abb7042eed76
Solar Pro 2 (Reasoning),solar-pro-2-reasoning,Upstage,2025-07-09,0,0,0,0,0,14.9,12.1,61.3,0.805,0.687,0.07,0.616,0.302,0.967,0.69,0.613,0.371,0,0.03,0.281,eb689f7a-f210-4a87-b407-f249897f2764
NVIDIA Nemotron Nano 12B v2 VL (Reasoning),nvidia-nemotron-nano-12b-v2-vl-reasoning,NVIDIA,2025-10-28,0.2,0.6,0.3,132.533,0.449,14.9,11.8,75,0.759,0.572,0.053,0.694,0.262,,,0.75,0.319,0.4,0.045,0.213,6e6e02fd-9cbd-417f-9bfc-673df89c313d
Ministral 3 8B,ministral-3-8b,Mistral,2025-12-02,0.15,0.15,0.15,143.719,0.268,14.8,10,31.7,0.642,0.471,0.043,0.303,0.208,,,0.317,0.291,0.24,0.045,0.266,9741f3c2-cbb1-4a3f-99ee-7bd7384d9038
NVIDIA Nemotron Nano 9B V2 (Reasoning),nvidia-nemotron-nano-9b-v2-reasoning,NVIDIA,2025-08-18,0.04,0.16,0.07,124.338,0.26,14.8,8.3,69.7,0.742,0.57,0.046,0.724,0.22,,,0.697,0.276,0.21,0.015,0.219,f1d52583-9d20-4099-99ac-b5df9430c3b6
NVIDIA Nemotron 3 Nano 4B,nvidia-nemotron-3-nano-4b,NVIDIA,2026-03-16,0,0,0,0,0,14.7,10,,,0.513,0.048,,0.164,,,,0.582,0.167,0.068,0.281,9ee13921-62a4-425a-a22b-df3302198d93
Qwen3.5 2B (Non-reasoning),qwen3-5-2b-non-reasoning,Alibaba,2026-03-02,0,0,0,0,0,14.7,4.9,,,0.438,0.049,,0.072,,,,0.291,0.137,0.038,0.816,0985ada8-2ed8-404d-bd8b-7357666ce40f
Gemini 2.0 Flash-Lite (Feb '25),gemini-2-0-flash-lite-001,Google,2025-02-25,0,0,0,0,0,14.7,,,0.724,0.535,0.036,0.185,0.25,0.873,0.277,,,,,,7b269763-ecc0-41ef-aa29-47ef632ac065
Llama Nemotron Super 49B v1.5 (Non-reasoning),llama-nemotron-super-49b-v1-5,NVIDIA,2025-07-25,0.1,0.4,0.175,53.031,0.269,14.6,10.5,8,0.692,0.481,0.043,0.29,0.238,0.77,0.137,0.08,0.329,0.22,0.038,0.251,26c0b5df-efa7-470f-a65e-2d883329e493
Llama 3.3 Instruct 70B,llama-3-3-instruct-70b,Meta,2024-12-06,0.58,0.71,0.64,92.218,0.541,14.5,10.7,7.7,0.713,0.498,0.04,0.288,0.26,0.773,0.3,0.077,0.471,0.15,0.03,0.266,976cc8ad-7904-4056-83c5-960181f47d5f
GPT-4o (May '24),gpt-4o-2024-05-13,OpenAI,2024-05-13,5,15,7.5,67.67,0.609,14.5,24.2,,0.74,0.526,0.028,0.334,0.309,0.791,0.11,,,,,,e98e911e-9fb2-4a9a-826e-3d681d0cdca8
Gemini 2.0 Flash-Lite (Preview),gemini-2-0-flash-lite-preview,Google,2025-02-05,0,0,0,0,0,14.5,,,,0.542,0.044,0.179,0.247,0.873,0.303,,,,,,3de55b83-e02b-412e-8211-315bbebe3e94
Mistral Small 3.1,mistral-small-3-1,Mistral,2025-03-17,0.1,0.3,0.15,155.287,0.415,14.5,13.9,3.7,0.659,0.454,0.048,0.212,0.265,0.707,0.093,0.037,0.299,0.197,0.076,0.251,24ac5b00-5f03-4c47-8e37-522d1195383e
Qwen3 32B (Non-reasoning),qwen3-32b-instruct,Alibaba,2025-04-28,0.7,2.8,1.225,103.945,0.969,14.5,,19.7,0.727,0.535,0.043,0.288,0.28,0.869,0.303,0.197,0.315,0,,,bf60740e-6aa5-422f-ba49-ef6e9d171205
Llama 3.1 Nemotron Nano 4B v1.1 (Reasoning),llama-3-1-nemotron-nano-4b-reasoning,NVIDIA,2025-05-20,0,0,0,0,0,14.4,,50,0.556,0.408,0.051,0.493,0.101,0.947,0.707,0.5,0.255,0,,0.117,b1fa84f8-1ed3-4124-b403-4655dafa4267
Kimi Linear 48B A3B Instruct,kimi-linear-48b-a3b-instruct,Kimi,2025-10-30,0,0,0,0,0,14.4,14.2,36.3,0.585,0.412,0.027,0.378,0.199,,,0.363,0.281,0.257,0.114,0,598de97d-029e-47b6-96ec-dbc1e0f9045a
K2-V2 (low),k2-v2-low,MBZUAI Institute of Foundation Models,2025-12-05,0,0,0,0,0,14.4,10.5,35.3,0.713,0.541,0.039,0.393,0.223,,,0.353,0.41,0.19,0.045,0.208,dae31abc-0587-44d0-ba53-f78e96b6e486
Llama 3.3 Nemotron Super 49B v1 (Non-reasoning),llama-3-3-nemotron-super-49b,NVIDIA,2025-03-18,0,0,0,0,0,14.3,7.6,7.7,0.698,0.517,0.035,0.28,0.229,0.775,0.193,0.077,0.395,0.113,0,,c4c3b42f-e0f0-48ca-b6f9-b296e7697806
Qwen3 VL 8B Instruct,qwen3-vl-8b-instruct,Alibaba,2025-10-14,0.18,0.7,0.31,140.182,1.059,14.3,7.3,27.3,0.686,0.427,0.029,0.332,0.174,,,0.273,0.323,0.153,0.023,0.292,3cf875b8-b6b5-42c0-ad70-617d5be59d00
Claude 3.5 Sonnet (June '24),claude-35-sonnet-june-24,Anthropic,2024-06-21,3,15,6,0,0,14.2,26,,0.751,0.56,0.037,,0.316,0.695,0.097,,,,,,aca9c1ad-fc86-49f3-a312-b1e517ea100c
Qwen3 4B (Reasoning),qwen3-4b-instruct-reasoning,Alibaba,2025-04-28,0.11,1.26,0.398,103.965,0.964,14.2,,22.3,0.696,0.522,0.051,0.465,0.035,0.933,0.657,0.223,0.325,0,,0.19,191a2097-cce3-49cf-881e-0c790892059f
GPT-4o (ChatGPT),gpt-4o-chatgpt,OpenAI,2025-02-15,0,0,0,0,0,14.1,,,0.773,0.511,0.037,,0.334,0.797,0.103,,,0.53,,,b4784397-aa28-411b-b011-9c4331bfa9c8
Llama 3.1 Tulu3 405B,tulu3-405b,Allen Institute for AI,2025-01-30,0,0,0,0,0,14.1,,,0.716,0.516,0.035,0.291,0.302,0.778,0.133,,,,,,f73f4711-9c61-40a7-a258-b71c14727f53
Ring-flash-2.0,ring-flash-2-0,InclusionAI,2025-09-19,0.14,0.57,0.247,81.436,1.974,14,10.6,83.7,0.793,0.725,0.089,0.628,0.168,,,0.837,0.433,0.21,0.076,0,47b7df55-5804-40de-ba11-317de786710a
Pixtral Large,pixtral-large-2411,Mistral,2024-11-18,2,6,3,55.191,0.407,14,,2.3,0.701,0.505,0.036,0.261,0.292,0.714,0.07,0.023,0.345,0.103,,0.365,de0beaf0-c951-487a-8eb4-3dd12e74122c
Olmo 3.1 32B Think,olmo-3-1-32b-think,Allen Institute for AI,2025-12-12,0,0,0,92.141,0.645,13.9,9.8,77.3,0.763,0.591,0.06,0.695,0.293,,,0.773,0.66,0,0,0,39b64e04-7a69-4aa2-9e2e-fe38c24681ec
Grok 2 (Dec '24),grok-2-1212,xAI,2024-12-12,0,0,0,0,0,13.9,,,0.709,0.51,0.038,0.267,0.285,0.778,0.133,,,,,,291a510a-dcc0-40df-8a80-b3aa31900a6c
GPT-5 nano (minimal),gpt-5-nano-minimal,OpenAI,2025-08-07,0.05,0.4,0.138,124.627,0.784,13.8,14.2,27.3,0.556,0.428,0.041,0.47,0.291,,,0.273,0.325,0.2,0.068,0.257,05e45a36-b5c6-47a1-8adb-9ddc19add5b3
Gemini 1.5 Flash (Sep '24),gemini-1-5-flash,Google,2024-09-24,0,0,0,0,0,13.8,,,0.68,0.463,0.035,0.273,0.267,0.827,0.18,,,,,,41faf421-118b-465b-b170-d200776580d1
GPT-4 Turbo,gpt-4-turbo,OpenAI,2023-11-06,10,30,15,26.286,0.964,13.7,21.5,,0.694,,0.033,0.291,0.319,0.737,0.15,,,,,,76aa6af5-fdc6-4739-a300-983f14e74a67
Qwen3 VL 4B (Reasoning),qwen3-vl-4b-reasoning,Alibaba,2025-10-14,0,0,0,0,0,13.7,6.7,25.7,0.7,0.494,0.044,0.32,0.171,,,0.257,0.366,0.213,0.015,0.155,f93d0750-b659-4ceb-a123-7e657904ef2b
Solar Pro 2 (Non-reasoning),solar-pro-2,Upstage,2025-07-09,0,0,0,0,0,13.6,11.3,30,0.75,0.561,0.038,0.424,0.248,0.889,0.407,0.3,0.337,0,0.045,0.319,44db6283-aa82-4799-af4a-679fe0530845
Llama 4 Scout,llama-4-scout,Meta,2025-04-05,0.17,0.66,0.292,127.996,0.448,13.5,6.7,14,0.752,0.587,0.043,0.299,0.17,0.844,0.283,0.14,0.395,0.258,0.015,0.155,adf9a85e-abc3-4f28-937b-db6655cc5238
Command A,command-a,Cohere,2025-03-13,2.5,10,4.375,43.302,0.525,13.5,9.9,13,0.712,0.527,0.046,0.287,0.281,0.819,0.097,0.13,0.365,0.18,0.008,0.152,3bc32f13-5afa-4e28-bce1-10e57376686b
Nova Pro,nova-pro,Amazon,2024-12-03,0.8,3.2,1.4,0,0,13.5,11,7,0.691,0.499,0.034,0.233,0.208,0.786,0.107,0.07,0.381,0.19,0.061,0.14,546ec53f-273c-4af7-b13f-b88c41f45905
Llama 3.1 Nemotron Instruct 70B,llama-3-1-nemotron-instruct-70b,NVIDIA,2024-10-15,1.2,1.2,1.2,30.301,0.539,13.4,10.8,11,0.69,0.465,0.046,0.169,0.233,0.733,0.247,0.11,0.307,0.07,0.045,0.231,7393c56a-ec31-48e9-b804-c04f2d2cb641
Grok Beta,grok-beta,xAI,2024-08-13,0,0,0,0,0,13.3,,,0.703,0.471,0.047,0.241,0.295,0.737,0.103,,,,,,a04f5b78-f397-4fd8-a2b1-00dcab50324c
NVIDIA Nemotron Nano 9B V2 (Non-reasoning),nvidia-nemotron-nano-9b-v2,NVIDIA,2025-08-18,0.05,0.195,0.086,133.578,0.665,13.2,7.5,62.3,0.739,0.557,0.04,0.701,0.209,,,0.623,0.271,0.227,0.008,0.234,2e8694f9-7782-47a6-a6ba-fdce89d939c8
NVIDIA Nemotron 3 Nano 30B A3B (Non-reasoning),nvidia-nemotron-3-nano-30b-a3b,NVIDIA,2025-12-15,0.05,0.2,0.087,71.31,0.317,13.2,15.8,13.3,0.579,0.399,0.046,0.36,0.23,,,0.133,0.375,0.067,0.121,0.254,23b379f7-18df-492a-9fc1-a56c5a5b9cfc
Qwen3 8B (Reasoning),qwen3-8b-instruct-reasoning,Alibaba,2025-04-28,0.18,2.1,0.66,79.405,0.951,13.2,9,19,0.743,0.589,0.042,0.406,0.226,0.904,0.747,0.19,0.335,0,0.023,0.278,9dba61f5-78ee-4190-8d1d-8e7063ffd386
Qwen2.5 Instruct 32B,qwen2.5-32b-instruct,Alibaba,2024-09-19,0,0,0,0,0,13.2,,,0.697,0.466,0.038,0.248,0.229,0.805,0.11,,,,,,1d0db5a3-3132-4213-a94b-c2e395d08283
GPT-4.1 nano,gpt-4-1-nano,OpenAI,2025-04-14,0.1,0.4,0.175,105.617,0.373,13,11.2,24,0.657,0.512,0.039,0.326,0.259,0.848,0.237,0.24,0.32,0.17,0.038,0.173,72c358fd-7d45-4d68-89aa-699743710924
Mistral Large 2 (Jul '24),mistral-large-2407,Mistral,2024-07-24,2,6,3,0,0,13,,0,0.683,0.472,0.032,0.267,0.271,0.714,0.093,0,0.316,0.017,,0.33,1b05e346-e86a-4a20-8feb-7da8c65a99aa
Qwen2.5 Coder Instruct 32B,qwen2-5-coder-32b-instruct,Alibaba,2024-11-11,0,0,0,0,0,12.9,,,0.635,0.417,0.038,0.295,0.271,0.767,0.12,,,,,,04586102-6a28-48f8-a82e-85775d7ed779
Qwen3 4B 2507 Instruct,qwen3-4b-2507-instruct,Alibaba,2025-08-06,0,0,0,0,0,12.9,9.1,52.3,0.672,0.517,0.047,0.377,0.181,,,0.523,0.335,0.073,0.045,0.266,b0249961-b8b2-479d-8325-a29ea17c7b89
GPT-4,gpt-4,OpenAI,2023-03-14,30,60,37.5,38.866,0.714,12.8,13.1,,,,,,,,,,,,,,6a7c0e25-1dcb-4b15-8495-a8536a9da051
Qwen3 14B (Non-reasoning),qwen3-14b-instruct,Alibaba,2025-04-28,0.35,1.4,0.613,65.26,0.984,12.8,12.4,58,0.675,0.47,0.042,0.28,0.265,0.871,0.28,0.58,0.239,0,0.053,0.322,ecc6524a-d521-458a-8327-5009e8ce6549
Gemini 2.5 Flash-Lite (Non-reasoning),gemini-2-5-flash-lite,Google,2025-06-17,0.1,0.4,0.175,239.646,0.367,12.7,7.4,35.3,0.724,0.474,0.037,0.4,0.177,0.926,0.5,0.353,0.315,0.313,0.023,0.19,1d81aa1c-64c8-442a-9c41-81b37e407b91
Mistral Small 3,mistral-small-3,Mistral,2025-01-30,0.1,0.3,0.15,158.339,0.398,12.7,,4.3,0.652,0.462,0.041,0.252,0.236,0.715,0.08,0.043,0.264,0,,0.196,e5dd499f-c330-45ec-9ff0-a99209c82af7
Nova Lite,nova-lite,Amazon,2024-12-03,0.06,0.24,0.105,208.602,0.393,12.7,5.1,7,0.59,0.433,0.046,0.167,0.139,0.765,0.107,0.07,0.341,0.177,0.008,0.175,5c3dd927-48a3-4f3c-8045-9b135f62dfbb
GLM-4.5V (Non-reasoning),glm-4-5v,Z AI,2025-08-11,0.6,1.8,0.9,51.494,24.566,12.7,10.8,15.3,0.751,0.573,0.036,0.352,0.188,,,0.153,0.286,0,0.068,0.196,0081ab31-d10a-44a0-a10d-eee5533fec65
Hermes 4 - Llama-3.1 70B (Non-reasoning),hermes-4-llama-3-1-70b,Nous Research,2025-08-27,0.13,0.4,0.198,81.602,0.591,12.6,9.2,11.3,0.664,0.491,0.036,0.269,0.277,,,0.113,0.29,0.02,0,0.216,235060f4-057d-4bd1-8b8e-4a92908c770e
GPT-4o mini,gpt-4o-mini,OpenAI,2024-07-18,0.15,0.6,0.263,53.671,0.506,12.6,,14.7,0.648,0.426,0.04,0.234,0.229,0.789,0.117,0.147,0.31,,,,b5c1c91a-7474-4409-9a9c-9c2ac45d9eb6
Llama 3.1 Instruct 70B,llama-3-1-instruct-70b,Meta,2024-07-23,0.56,0.56,0.56,31.636,0.529,12.5,10.9,4,0.676,0.409,0.046,0.232,0.267,0.649,0.173,0.04,0.344,0.063,0.03,0.152,466aecdb-3d96-4191-bc52-b3366db38851
DeepSeek-V2.5 (Dec '24),deepseek-v2-5,DeepSeek,2024-12-10,0,0,0,0,0,12.5,,,,,,,,0.763,,,,,,,bc4579d2-9c46-46c3-ace0-454039bf21bb
Qwen3 30B A3B (Non-reasoning),qwen3-30b-a3b-instruct,Alibaba,2025-04-28,0.2,0.8,0.35,61.811,1.044,12.5,13.3,21.7,0.71,0.515,0.046,0.322,0.264,0.863,0.26,0.217,0.319,0,0.068,0.222,f3169f25-8c6f-48e4-ae87-0cf872dc0ec1
Qwen3 4B (Non-reasoning),qwen3-4b-instruct,Alibaba,2025-04-28,0.11,0.42,0.188,104.502,0.945,12.5,,,0.586,0.398,0.037,0.233,0.167,0.843,0.213,,,,,,e46198a7-cd29-4afd-933d-cdf180f0f305
Sarvam 30B (Reasoning),sarvam-30b,Sarvam,2026-03-06,0,0,0,295.789,1.562,12.3,7.9,,,0.633,0.07,,0.192,,,,0.265,0,0.023,0.345,764dd095-6ebd-4760-8eb3-cbc40964db2e
Gemini 2.0 Flash Thinking Experimental (Dec '24),gemini-2-0-flash-thinking-exp-1219,Google,2024-12-19,0,0,0,0,0,12.3,,,,,,,,0.48,,,,,,,dfeeb904-e784-4d5c-ad66-9400146b150b
Claude 3 Haiku,claude-3-haiku,Anthropic,2024-03-04,0.25,1.25,0.5,131.076,0.451,12.3,6.7,,,0.374,0.039,0.154,0.186,0.394,0.01,,0.361,0.21,0.008,0.211,1fc54cef-d179-48b1-a27d-046874e9b208
DeepSeek-V2.5,deepseek-v2-5-sep-2024,DeepSeek,2024-09-06,0,0,0,0,0,12.3,,,,,,,,,,,,,,,8a24865b-90d9-4e2b-a2fd-6851c2e9d627
Olmo 3.1 32B Instruct,olmo-3-1-32b-instruct,Allen Institute for AI,2026-01-13,0.2,0.6,0.3,54.089,0.47,12.2,5.6,,,0.539,0.049,,0.167,,,,0.392,0,0,0.213,94a6d26e-a903-47f3-8323-ae422d237bb9
Mistral Saba,mistral-saba,Mistral,2025-02-17,0,0,0,0,0,12.1,,,0.611,0.424,0.041,,0.241,0.677,0.13,,,,,,7a7b52f6-fdef-4dae-9203-58c710ccc81d
DeepSeek R1 Distill Llama 8B,deepseek-r1-distill-llama-8b,DeepSeek,2025-01-20,0,0,0,0,0,12.1,,41.3,0.543,0.302,0.042,0.233,0.119,0.853,0.333,0.413,0.176,0,,,0e49fe2d-dd3c-4ae5-b56f-a1c89e14b89e
Olmo 3 32B Think,olmo-3-32b-think,Allen Institute for AI,2025-11-20,0,0,0,0,0,12.1,10.5,73.7,0.759,0.61,0.059,0.672,0.286,,,0.737,0.491,0,0.015,0,c8a3fa87-735e-49a9-afb1-270c5e9f53f7
R1 1776,r1-1776,Perplexity,2025-02-18,0,0,0,0,0,12,,,,,,,,0.954,,,,,,,98e3230e-cee1-4c19-b9f8-b6b6a826ca93
Gemini 1.5 Pro (May '24),gemini-1-5-pro-may-2024,Google,2024-05-15,0,0,0,0,0,12,19.8,,0.657,0.371,0.039,0.244,0.274,0.673,0.08,,,,,,16f2578b-1b28-4be3-b371-700c2677bcd6
Reka Flash (Sep '24),reka-flash,Reka AI,2024-10-04,0.2,0.8,0.35,85.447,1.263,12,,,,,,,,0.529,,,,,,,a971b0c0-4c0f-484a-b018-e36b5be3409e
Qwen2.5 Turbo,qwen-turbo,Alibaba,2024-11-18,0.05,0.2,0.087,61.246,1.024,12,,,0.633,0.41,0.042,0.163,0.153,0.805,0.12,,,,,,352f834f-a03c-4117-8a29-c3ccd8a568ce
Llama 3.2 Instruct 90B (Vision),llama-3-2-instruct-90b-vision,Meta,2024-09-25,0.72,0.72,0.72,41.579,0.381,11.9,,,0.671,0.432,0.049,0.214,0.24,0.629,0.05,,,,,,9ca71ac4-41c8-42c0-87dd-5704a9e5b94d
Solar Mini,solar-mini,Upstage,2024-01-25,0.15,0.15,0.15,90.34,1.213,11.9,,,,,,,,0.331,,,,,,0.202,d97713f2-afa6-4f8d-b2f3-ac89a24c4d6c
Llama 3.1 Instruct 8B,llama-3-1-instruct-8b,Meta,2024-07-23,0.1,0.1,0.1,191.85,0.467,11.8,4.9,4.3,0.476,0.259,0.051,0.116,0.132,0.519,0.077,0.043,0.286,0.157,0.008,0.164,739684ba-0f63-4e2a-b4ee-30741c9e9320
Grok-1,grok-1,xAI,2024-03-17,0,0,0,0,0,11.7,,,,,,,,,,,,,,,4c111fbc-d13a-42b4-858c-1dc17fe3c1d1
EXAONE 4.0 32B (Non-reasoning),exaone-4-0-32b,LG AI Research,2025-07-15,0,0,0,0,0,11.7,9.4,39.3,0.768,0.628,0.049,0.472,0.252,0.939,0.47,0.393,0.335,0.08,0.015,0.041,2f60d80d-c3d3-4a43-bded-0557898c4618
Qwen2 Instruct 72B,qwen2-72b-instruct,Alibaba,2024-06-07,0,0,0,0,0,11.7,,,0.622,0.371,0.037,0.159,0.229,0.701,0.147,,,,,,7656c62b-5345-435b-bf12-b6ce2ca0d58d
Ministral 3 3B,ministral-3-3b,Mistral,2025-12-02,0.1,0.1,0.1,292.872,0.261,11.2,4.8,22,0.524,0.358,0.053,0.247,0.144,,,0.22,0.268,0.117,0,0.249,66f4ce73-9a9b-4b49-9c6e-bedb9bfdc720
Gemini 1.5 Flash-8B,gemini-1-5-flash-8b,Google,2024-10-03,0,0,0,0,0,11.1,,,0.569,0.359,0.045,0.217,0.229,0.689,0.033,,,,,,94229066-9381-4ee1-bf70-a16d63756a6e
DeepHermes 3 - Mistral 24B Preview (Non-reasoning),deephermes-3-mistral-24b-preview,Nous Research,2025-03-13,0,0,0,0,0,10.9,,,0.58,0.382,0.039,0.195,0.228,0.595,0.047,,,,,,a8efb564-9d17-4d7f-8f43-e9110657ce21
Jamba 1.7 Large,jamba-1-7-large,AI21 Labs,2025-07-07,2,8,3.5,51.693,0.753,10.9,7.8,2.3,0.577,0.39,0.038,0.181,0.188,0.6,0.057,0.023,0.352,0.173,0.023,0.135,78452c64-7303-4192-bca5-2d9ec5c623d4
Granite 4.0 H Small,granite-4-0-h-small,IBM,2025-09-22,0.06,0.25,0.107,330.487,8.665,10.8,8.5,13.7,0.624,0.416,0.037,0.251,0.209,,,0.137,0.315,0.09,0.023,0.173,5dba8d07-9992-483c-81db-dac97cb15ba8
Qwen3 Omni 30B A3B Instruct,qwen3-omni-30b-a3b-instruct,Alibaba,2025-09-22,0.25,0.97,0.43,106.622,0.876,10.7,7.2,52.3,0.725,0.62,0.051,0.422,0.186,,,0.523,0.312,0,0.015,0.164,0b226b82-1462-4860-bf1a-f8aed7024791
Jamba 1.5 Large,jamba-1-5-large,AI21 Labs,2024-08-22,2,8,3.5,0,0,10.7,,,0.572,0.427,0.04,0.143,0.163,0.606,0.047,,,,,,b4ddb4c8-1400-44ab-8c2b-e2472088e7ff
DeepSeek-Coder-V2,deepseek-coder-v2,DeepSeek,2024-06-17,0,0,0,0,0,10.6,,,,,,,,0.743,,,,,,,8f0a75d6-8d00-4c2e-bcd4-8e88a570a93c
OLMo 2 32B,olmo-2-32b,Allen Institute for AI,2025-03-13,0,0,0,0,0,10.6,2.7,3.3,0.511,0.328,0.037,0.068,0.08,,,0.033,0.381,0,0,0,54442579-2a4d-40cc-b264-bc4ff29e311a
Hermes 3 - Llama-3.1 70B,hermes-3-llama-3-1-70b,Nous Research,2024-08-15,0.3,0.3,0.3,41.489,0.306,10.6,,,0.571,0.401,0.041,0.188,0.231,0.538,0.023,,,,,,1dcea4f7-7e8b-49f8-abe2-5860ff9f349e
Jamba 1.6 Large,jamba-1-6-large,AI21 Labs,2025-03-06,2,8,3.5,55.027,0.772,10.6,,,0.565,0.387,0.04,0.172,0.184,0.58,0.047,,,,,,92b19c88-fa87-4595-957e-fe9aa5fa5ad4
Qwen3 8B (Non-reasoning),qwen3-8b-instruct,Alibaba,2025-04-28,0.18,0.7,0.31,83.799,1.076,10.6,7.1,24.3,0.643,0.452,0.028,0.202,0.168,0.828,0.243,0.243,0.286,0,0.023,0.249,b2dd592a-fbc5-458a-b26d-f3964cbab82f
LFM2 24B A2B,lfm2-24b-a2b,Liquid AI,2026-02-25,0.03,0.12,0.052,211.824,0.254,10.5,3.6,,,0.474,0.044,,0.109,,,,0.459,0,0,0.111,fbc58677-e324-4b45-a979-7fd8eec555cd
Qwen3.5 0.8B (Reasoning),qwen3-5-0-8b,Alibaba,2026-03-02,0,0,0,0,0,10.5,0,,,0.111,0.012,,0,,,,0.215,0.053,0,0.477,a6ea7ec0-0aca-4442-98fb-4296c6d18b31
Gemini 1.5 Flash (May '24),gemini-1-5-flash-may-2024,Google,2024-05-14,0,0,0,0,0,10.5,,,0.574,0.324,0.042,0.196,0.181,0.554,0.093,,,,,,ac48c49d-9e77-4394-ac4e-d1ee51fd5fee
Phi-4,phi-4,Microsoft Azure,2024-12-12,0.125,0.5,0.219,14.638,0.553,10.4,11.2,18,0.714,0.575,0.041,0.231,0.26,0.81,0.143,0.18,0.235,0,0.038,0,ee708f92-374e-4123-b900-e22d7b2afc19
Gemma 3 27B Instruct,gemma-3-27b,Google,2025-03-12,0,0,0,32.002,1.921,10.3,9.6,20.7,0.669,0.428,0.047,0.137,0.212,0.883,0.253,0.207,0.318,0.057,0.038,0.105,2bfdd17a-e027-4068-a54e-b0e90a6df118
Nova Micro,nova-micro,Amazon,2024-12-03,0.035,0.14,0.061,288.083,0.366,10.3,4.1,6,0.531,0.358,0.047,0.14,0.094,0.703,0.08,0.06,0.294,0.097,0.015,0.14,344c6718-c573-41d4-9556-10287a3fa1fc
Claude 3 Sonnet,claude-3-sonnet,Anthropic,2024-03-04,3,15,6,0,0,10.3,,,0.579,0.4,0.038,0.175,0.229,0.414,0.047,,,,,,b2e68f0a-8f66-4e4c-9821-2b786cea601b
Mistral Small (Sep '24),mistral-small,Mistral,2024-09-17,0.2,0.6,0.3,164.185,0.406,10.2,,,0.529,0.381,0.043,0.141,0.156,0.563,0.063,,,,,,7c045ca0-b331-488d-af31-df0fd331dfd1
NVIDIA Nemotron Nano 12B v2 VL (Non-reasoning),nvidia-nemotron-nano-12b-v2-vl,NVIDIA,2025-10-28,0.2,0.6,0.3,138.703,0.559,10.1,5.9,26.7,0.649,0.439,0.045,0.345,0.176,,,0.267,0.259,0.17,0,0.193,ab7f016c-a29b-4710-bdf6-6a5cd96aacca
Gemma 3n E4B Instruct Preview (May '25),gemma-3n-e4b-preview-0520,Google,2025-05-20,0,0,0,0,0,10.1,,,0.483,0.278,0.049,0.138,0.086,0.749,0.107,,,,,,bd2c3517-00d8-4ba5-a989-1f1e52f3ffab
Gemini 1.0 Ultra,gemini-1-0-ultra,Google,2023-12-06,0,0,0,0,0,10.1,17.6,,,,,,,,,,,,,,2ae624ca-25b4-4cc8-8970-cdfdd3320691
Phi-3 Mini Instruct 3.8B,phi-3-mini,Microsoft Azure,2024-04-23,0,0,0,0,0,10.1,3,0.3,0.435,0.319,0.044,0.116,0.09,0.457,0.04,0.003,0.239,0.02,0,0,ded8d96e-835f-4359-947a-a4c3bb78e983
Phi-4 Multimodal Instruct,phi-4-multimodal,Microsoft Azure,2025-02-26,0,0,0,16.512,0.353,10,,,0.485,0.315,0.044,0.131,0.11,0.693,0.093,,,,,,2cd04201-2b6e-47ef-853e-7601f705f2a8
Qwen2.5 Coder Instruct 7B ,qwen2-5-coder-7b-instruct,Alibaba,2024-09-19,0,0,0,0,0,10,,,0.473,0.339,0.048,0.126,0.148,0.66,0.053,,,,,,e410e854-104d-4b35-a171-899ff9d974bb
Qwen3.5 0.8B (Non-reasoning),qwen3-5-0-8b-non-reasoning,Alibaba,2026-03-02,0,0,0,0,0,9.9,1,,,0.236,0.049,,0.029,,,,0.216,0.067,0,0.652,405e2235-0925-4634-a3c7-fbd5f6394bc0
Mistral Large (Feb '24),mistral-large,Mistral,2024-02-26,4,12,6,0,0,9.9,,,0.515,0.351,0.034,0.178,0.208,0.527,0,,,,,,5e4e4590-a77e-4b66-95f8-f3960a1a7c68
Mixtral 8x22B Instruct,mistral-8x22b-instruct,Mistral,2024-04-17,0,0,0,0,0,9.8,,,0.537,0.332,0.041,0.148,0.188,0.545,0,,,,,,ca6c1412-f3c1-4391-9231-f83a702aa7af
Llama 3.2 Instruct 3B,llama-3-2-instruct-3b,Meta,2024-09-25,0.085,0.085,0.085,51.709,0.394,9.7,,3.3,0.347,0.255,0.052,0.083,0.052,0.489,0.067,0.033,0.262,0.02,,0.211,71e8d48c-1920-4f27-8ea9-1f10becc615a
Llama 2 Chat 7B,llama-2-chat-7b,Meta,2023-07-18,0.05,0.25,0.1,117.983,0.536,9.7,,,0.164,0.227,0.058,0.002,0,0.059,0,,,,,,ffd65ef7-fbdb-4145-98ae-b5d01cda770b
Jamba Reasoning 3B,jamba-reasoning-3b,AI21 Labs,2025-10-08,0,0,0,0,0,9.6,2.5,10.7,0.577,0.333,0.046,0.21,0.059,,,0.107,0.524,0.07,0.008,0.158,f78138d6-2e04-4a84-919a-20d177cb6ff1
Qwen3 VL 4B Instruct,qwen3-vl-4b-instruct,Alibaba,2025-10-14,0,0,0,0,0,9.6,4.5,37,0.634,0.371,0.037,0.29,0.137,,,0.37,0.318,0.13,0,0.234,f5d83128-047f-496d-ba49-8a428abe8345
Reka Flash 3,reka-flash-3,Reka AI,2025-03-10,0.2,0.8,0.35,55.16,1.295,9.5,8.9,33.7,0.669,0.529,0.051,0.435,0.267,0.893,0.51,0.337,0.304,0,0,0,dbbcf240-a69e-4078-8f16-7c94c7a8c514
Qwen1.5 Chat 110B,qwen1.5-110b-chat,Alibaba,2024-04-25,0,0,0,0,0,9.5,,,,0.289,,,,,,,,,,,d1768b3a-0a21-4e08-b3f6-56a9ab6cfbf3
Olmo 3 7B Think,olmo-3-7b-think,Allen Institute for AI,2025-11-20,0,0,0,0,0,9.4,7.6,70.7,0.655,0.516,0.057,0.617,0.212,,,0.707,0.415,0,0.008,0,338216fb-62c2-48f1-898a-9166d12fb35e
Claude 2.1,claude-21,Anthropic,2023-11-21,0,0,0,0,0,9.3,14,,0.495,0.319,0.042,0.195,0.184,0.374,0.033,,,,,,9e141c0d-fc82-4e07-bb2e-fe0003bc030b
OLMo 2 7B,olmo-2-7b,Allen Institute for AI,2024-11-26,0,0,0,0,0,9.3,1.2,0.7,0.282,0.288,0.055,0.041,0.037,,,0.007,0.244,0,0,0,f818a7bb-6f23-4b24-8d52-6b9c1a5ca628
Molmo 7B-D,molmo-7b-d,Allen Institute for AI,2024-09-25,0,0,0,0,0,9.2,1.2,0,0.371,0.24,0.051,0.039,0.036,,,0,0.197,0,0,0,af74f222-05c7-422d-a653-b9c0707c9c72
Ling-mini-2.0,ling-mini-2-0,InclusionAI,2025-09-09,0,0,0,0,0,9.2,5,49.3,0.671,0.562,0.05,0.429,0.135,,,0.493,0.236,0.067,0.008,0.132,3d64bf83-232e-427e-8590-26b478bae4a8
Claude 2.0,claude-2,Anthropic,2023-07-11,0,0,0,0,0,9.1,12.9,,0.486,0.344,,0.171,0.194,,0,,,,,,ddc748d0-6a9b-466b-8d6c-68417980d56d
DeepSeek R1 Distill Qwen 1.5B,deepseek-r1-distill-qwen-1-5b,DeepSeek,2025-01-20,0,0,0,0,0,9.1,,22,0.269,0.098,0.033,0.07,0.066,0.687,0.177,0.22,0.132,0.003,,,444cdb1e-bab8-42cd-938c-b2d7a93e2da1
DeepSeek-V2-Chat,deepseek-v2,DeepSeek,2024-05-06,0,0,0,0,0,9.1,,,,,,,,,,,,,,,2d19c2d1-062d-436e-b2c2-3d3ecad34acc
GPT-3.5 Turbo,gpt-35-turbo,OpenAI,2022-11-30,0.5,1.5,0.75,102.152,0.403,9,10.7,,0.462,0.297,,,,0.441,,,,,,,037dec2f-51e8-4127-a1f1-85155dae7a1d
Mistral Small (Feb '24),mistral-small-2402,Mistral,2024-02-26,1,3,1.5,156.62,0.411,9,,,0.419,0.302,0.044,0.111,0.134,0.562,0.007,,,,,,35d602fc-b8b8-4698-9f4d-f2ce11ca50e4
Mistral Medium,mistral-medium,Mistral,2023-12-11,2.75,8.1,4.088,73.251,0.38,9,,,0.491,0.349,0.034,0.099,0.118,0.405,0.037,,,,,,1f05af98-1ec6-4506-a0b8-57a8c9b63878
Llama 3 Instruct 70B,llama-3-instruct-70b,Meta,2024-04-18,0.58,1.745,0.871,41.903,0.472,8.9,6.8,,0.574,0.379,0.044,0.198,0.189,0.483,0,,0.371,0,0.008,0,aa83359a-d804-4f0b-b5bf-dc637711c26f
Gemma 3 12B Instruct,gemma-3-12b,Google,2025-03-12,0,0,0,32.193,8.038,8.8,6.3,18.3,0.595,0.349,0.048,0.137,0.174,0.853,0.22,0.183,0.367,0.067,0.008,0.108,2e6400f5-85ca-4ebc-ba8f-c2811a631138
LFM 40B,lfm-40b,Liquid AI,2024-09-30,0,0,0,0,0,8.8,,,0.425,0.327,0.049,0.096,0.071,0.48,0.023,,,,,,1299b9a8-af50-4742-a58b-24ff7eb48f9f
Arctic Instruct,arctic-instruct,Snowflake,2024-04-24,0,0,0,0,0,8.8,,,,,,,,,,,,,,,b3735511-c6ff-4928-8d72-2181444a4eb3
Qwen Chat 72B,qwen-chat-72b,Alibaba,2023-11-30,0,0,0,0,0,8.8,,,,,,,,,,,,,,,41f73c27-880c-4f30-8b07-9999ce89a4ae
Llama 3.2 Instruct 11B (Vision),llama-3-2-instruct-11b-vision,Meta,2024-09-25,0.16,0.16,0.16,80.316,0.395,8.7,4.3,1.7,0.464,0.221,0.052,0.11,0.112,0.516,0.093,0.017,0.304,0.117,0.008,0.146,5fb47ff6-a30e-4c2c-96f2-55e95a13390f
PALM-2,palm-2,Google,2023-05-10,0,0,0,0,0,8.6,4.6,,,,,,,,,,,,,,515852e7-ba9c-4571-8cf9-82ad6b45f22f
Gemini 1.0 Pro,gemini-1-0-pro,Google,2023-12-06,0,0,0,0,0,8.5,,,0.431,0.277,0.046,0.116,0.117,0.403,0.007,,,,,,8ddacd41-bf43-411b-aa30-43ebf0567dd8
DeepSeek Coder V2 Lite Instruct,deepseek-coder-v2-lite,DeepSeek,2024-06-17,0,0,0,0,0,8.5,,,0.429,0.319,0.053,0.158,0.139,,,,,,,,c7327e6e-b27f-4b1b-859d-159a34e0ba1c
Phi-4 Mini Instruct,phi-4-mini,Microsoft Azure,2024-02-26,0,0,0,43.989,0.318,8.4,3.6,6.7,0.465,0.331,0.042,0.126,0.108,0.696,0.03,0.067,0.211,0.137,0,0.082,9f873c2f-2c2d-4ccb-9e1b-71bf61b052be
Llama 2 Chat 70B,llama-2-chat-70b,Meta,2023-07-18,0,0,0,0,0,8.4,,,0.406,0.327,0.05,0.098,,0.323,0,,,,,,599da8e0-bd9c-4b38-a127-b50e371fbcf8
Llama 2 Chat 13B,llama-2-chat-13b,Meta,2023-07-18,0,0,0,0,0,8.4,,,0.406,0.321,0.047,0.098,0.118,0.329,0.017,,,,,,6b08a75a-19ee-40b4-be33-133b8ef42f92
DeepSeek LLM 67B Chat (V1),deepseek-llm-67b-chat,DeepSeek,2023-11-29,0,0,0,0,0,8.4,,,,,,,,,,,,,,,7764d514-694f-444c-8d60-bdc6e24e223f
Sarvam M (Reasoning),sarvam-m-reasoning,Sarvam,2025-05-23,0,0,0,0,0,8.4,7.5,,0.696,0.416,0.033,0.295,0.178,0.847,0.203,,0.318,0,0.023,0,34ef2b5c-3df3-437e-b9c5-81346f8c14a8
Exaone 4.0 1.2B (Reasoning),exaone-4-0-1-2b-reasoning,LG AI Research,2025-07-15,0,0,0,0,0,8.3,3.1,50.3,0.588,0.515,0.058,0.516,0.093,,,0.503,0.23,0,0,0.164,d734e2ce-5cf8-467f-8148-586d02671333
OpenChat 3.5 (1210),openchat-35,OpenChat,2023-12-18,0,0,0,0,0,8.3,,,0.31,0.23,0.048,0.115,,0.307,0,,,,,,ec60e57e-76d3-42e3-a0e3-80662225a639
DBRX Instruct,dbrx,Databricks,2024-03-27,0,0,0,0,0,8.3,,,0.397,0.331,0.066,0.093,0.118,0.279,0.03,,,,,,1cb96708-f6c1-4668-9804-5db6ecac01ed
Command-R+ (Apr '24),command-r-plus-04-2024,Cohere,2024-04-04,3,15,6,0,0,8.3,,,0.432,0.323,0.045,0.122,0.118,0.279,0.007,,,,,,76361085-f5dc-49ec-b069-fe56ca885933
Olmo 3 7B Instruct,olmo-3-7b-instruct,Allen Institute for AI,2025-11-20,0.1,0.2,0.125,87.203,0.421,8.2,3.4,41.3,0.522,0.4,0.058,0.266,0.103,,,0.413,0.328,0,0,0.126,8f74a6ed-f82f-4a2f-a96b-4914993e47da
LFM2.5-1.2B-Thinking,lfm2-5-1-2b-thinking,Liquid AI,2026-01-20,0,0,0,0,0,8.1,1.4,,,0.339,0.061,,0.042,,,,0.418,0,0,0.196,5a088cde-18e2-4dfa-98dd-d283e1c19654
Exaone 4.0 1.2B (Non-reasoning),exaone-4-0-1-2b,LG AI Research,2025-07-15,0,0,0,0,0,8.1,2.5,24,0.5,0.424,0.058,0.293,0.074,,,0.24,0.253,0,0,0.205,8273650d-40e5-45ee-aeda-df71de784164
Jamba 1.7 Mini,jamba-1-7-mini,AI21 Labs,2025-07-07,0,0,0,0,0,8.1,3.1,0.3,0.388,0.322,0.045,0.061,0.093,0.258,0.013,0.003,0.314,0.127,0,0.126,b4f14013-37dd-4c75-bd8a-378365d9ed77
LFM2 2.6B,lfm2-2-6b,Liquid AI,2025-09-23,0,0,0,0,0,8,1.4,8.3,0.298,0.306,0.052,0.081,0.025,,,0.083,0.195,0,0.008,0.135,739e531a-eb0a-478f-bb67-5845b79ce65d
LFM2.5-1.2B-Instruct,lfm2-5-1-2b-instruct,Liquid AI,2026-01-05,0,0,0,0,0,8,0.8,,,0.326,0.068,,0.023,,,,0.438,0,0,0.108,48194e0f-8226-4c57-8cb2-2a0fb68a84c9
Granite 4.0 H 1B,granite-4-0-h-nano-1b,IBM,2025-10-28,0,0,0,0,0,8,2.7,6.3,0.277,0.263,0.05,0.115,0.082,,,0.063,0.262,0.063,0,0.196,dafbb6d2-4825-43d1-a927-feedcfd2e998
Jamba 1.5 Mini,jamba-1-5-mini,AI21 Labs,2024-08-22,0.2,0.4,0.25,0,0,8,,,0.371,0.302,0.051,0.062,0.08,0.357,0.01,,,,,,540ebc58-a2d8-4dc9-ba6b-973efa52fab1
Qwen3 1.7B (Reasoning),qwen3-1.7b-instruct-reasoning,Alibaba,2025-04-28,0.11,1.26,0.398,138.612,0.9,8,1.4,38.7,0.57,0.356,0.048,0.308,0.043,0.894,0.51,0.387,0.269,0,0,0.26,5962d643-0a6f-4630-bb08-ab5720d80056
Jamba 1.6 Mini,jamba-1-6-mini,AI21 Labs,2025-03-06,0.2,0.4,0.25,183.256,0.627,7.9,,,0.367,0.3,0.046,0.071,0.101,0.257,0.033,,,,,,e8ffd75b-766f-4551-8c52-6e54706220eb
Gemma 3 270M,gemma-3-270m,Google,2025-08-14,0,0,0,0,0,7.7,0,2.3,0.055,0.224,0.042,0.003,0,,,0.023,0.121,0,0,0.091,04781a0e-40f0-4e2a-a4e5-18e389364a79
Granite 4.0 Micro,granite-4-0-micro,IBM,2025-09-22,0,0,0,0,0,7.7,5,6,0.447,0.336,0.051,0.18,0.119,,,0.06,0.248,0.04,0.015,0.126,1fc32894-1060-493b-af94-62bb1068555e
Apertus 70B Instruct,apertus-70b-instruct,Swiss AI Initiative,2025-09-02,0.82,2.92,1.345,63.144,1.632,7.7,1.9,,,0.272,0.055,,0.057,,,,0.259,0,0,0.129,49e70a38-4ac1-4659-b490-09b2c7ff21d6
Mixtral 8x7B Instruct,mixtral-8x7b-instruct,Mistral,2023-12-11,0.54,0.6,0.54,0,0,7.7,,,0.387,0.292,0.045,0.066,0.028,0.299,0,,,,,,3edcb2ed-6981-4f88-a556-563f7f8f00aa
DeepHermes 3 - Llama-3.1 8B Preview (Non-reasoning),deephermes-3-llama-3-1-8b-preview,Nous Research,2025-02-13,0,0,0,0,0,7.6,,,0.365,0.27,0.043,0.085,0.091,0.218,0,,,,,,b7726745-9c77-40c3-8452-974cb53d6fbc
Llama 65B,llama-65b,Meta,2023-02-24,0,0,0,0,0,7.4,,,,,,,,,,,,,,,fe11ab6c-a4dd-4c28-9fef-07da76d5ed14
Qwen Chat 14B,qwen-chat-14b,Alibaba,2023-09-25,0,0,0,0,0,7.4,,,,,,,,,,,,,,,c43aa1f9-31bd-4a99-be70-84c5e6bd2e75
Claude Instant,claude-instant,Anthropic,2023-03-14,0,0,0,0,0,7.4,7.8,,0.434,0.33,0.038,0.109,,0.264,0,,,,,,83cb898e-05d9-4e4b-9de3-2d305014d923
Mistral 7B Instruct,mistral-7b-instruct,Mistral,2023-09-27,0.25,0.25,0.25,149.12,0.276,7.4,,,0.245,0.177,0.043,0.046,0.024,0.121,0,,0.199,0,,0,217b34ec-5920-4fc1-8886-6a70a324837d
Command-R (Mar '24),command-r-03-2024,Cohere,2024-03-12,0.5,1.5,0.75,0,0,7.4,,,0.338,0.284,0.048,0.048,0.062,0.164,0.007,,,,,,abe9f0c7-f4f6-430d-ba42-f45afdd4841b
Molmo2-8B,molmo2-8b,Allen Institute for AI,2025-12-11,0,0,0,137.918,0.466,7.3,4.4,,,0.425,0.044,,0.133,,,,0.269,0,0,0,3ef6db79-1dfa-4780-8c4b-affe2740d9ac
Granite 4.0 1B,granite-4-0-nano-1b,IBM,2025-10-28,0,0,0,0,0,7.3,2.9,6.3,0.325,0.281,0.051,0.047,0.087,,,0.063,0.205,0.04,0,0.228,a2c8e7b2-57bf-4d1e-96ea-7944d786d94d
LFM2 8B A1B,lfm2-8b-a1b,Liquid AI,2025-10-07,0,0,0,0,0,7,2.3,25.3,0.505,0.344,0.049,0.151,0.068,,,0.253,0.263,0,0,0.105,686ab020-ee58-4a70-a9ac-24d675a73506
Granite 3.3 8B (Non-reasoning),granite-3-3-8b-instruct,IBM,2025-04-16,0.03,0.25,0.085,444.626,7.321,7,3.4,6.7,0.468,0.338,0.042,0.127,0.101,0.665,0.047,0.067,0.224,0.043,0,0.105,2cff73da-4855-403c-afc9-5540feadcc15
Qwen3 1.7B (Non-reasoning),qwen3-1.7b-instruct,Alibaba,2025-04-28,0.11,0.42,0.188,136.598,0.89,6.8,2.3,7.3,0.411,0.283,0.052,0.126,0.069,0.717,0.097,0.073,0.211,0,0,0.216,2bb84433-f38e-4edc-9b65-4d7b1f473db9
Qwen3 0.6B (Reasoning),qwen3-0.6b-instruct-reasoning,Alibaba,2025-04-28,0.11,1.26,0.398,224.25,0.863,6.5,0.9,18,0.347,0.239,0.057,0.121,0.028,0.75,0.1,0.18,0.233,0,0,0.211,4ae6c88d-9e4a-4850-89fe-18a1c04a66cc
Gemma 3n E4B Instruct,gemma-3n-e4b,Google,2025-06-26,0.02,0.04,0.025,48.937,0.324,6.4,4.2,14.3,0.488,0.296,0.044,0.146,0.081,0.771,0.137,0.143,0.279,0,0.023,0.05,a797eaf3-6d75-4f29-86a8-e1243ce52d43
Llama 3 Instruct 8B,llama-3-instruct-8b,Meta,2024-04-18,0.045,0.145,0.07,82.306,0.378,6.4,4,,0.405,0.296,0.051,0.096,0.119,0.499,0,,0.246,0,0,0,82879bb8-89fb-4adc-b519-315b8ef30b77
Gemma 3 4B Instruct,gemma-3-4b,Google,2025-03-12,0,0,0,32.509,1.175,6.3,2.9,12.7,0.417,0.291,0.052,0.112,0.073,0.766,0.063,0.127,0.283,0.057,0.008,0.05,222fb320-6e55-4672-846a-b6d5a24a45f4
Llama 3.2 Instruct 1B,llama-3-2-instruct-1b,Meta,2024-09-25,0.1,0.1,0.1,140.7,0.533,6.3,0.6,0,0.2,0.196,0.053,0.019,0.017,0.14,0,0,0.228,0.05,0,0,80f7860a-7665-4658-9f05-15bccf5f832f
LFM2 1.2B,lfm2-1-2b,Liquid AI,2025-07-10,0,0,0,0,0,6.3,0.8,3.3,0.257,0.228,0.057,0.02,0.025,,,0.033,0.22,0,0,0.126,0faadeeb-320c-45cf-9c76-5f8768f342e6
LFM2.5-VL-1.6B,lfm2-5-vl-1-6b,Liquid AI,2026-01-05,0,0,0,0,0,6.2,1,,,0.289,0.051,,0.03,,,,0.331,0,0,0.085,3c5289e5-1c62-434c-bc44-c51c39f640a1
Granite 4.0 350M,granite-4-0-350m,IBM,2025-10-28,0,0,0,0,0,6.1,0.3,0,0.124,0.261,0.057,0.024,0.009,,,0,0.159,0,0,0.132,54c7f3fc-7078-442a-b472-e8691257a88c
Apertus 8B Instruct,apertus-8b-instruct,Swiss AI Initiative,2025-09-02,0.1,0.2,0.125,141.072,2.303,5.9,1.4,,,0.256,0.05,,0.041,,,,0.224,0,0,0.114,891bcdf2-8dd2-4dc3-829b-d963fde25876
Qwen3 0.6B (Non-reasoning),qwen3-0.6b-instruct,Alibaba,2025-04-28,0.11,0.42,0.188,222.65,0.866,5.7,1.4,10.3,0.231,0.231,0.052,0.073,0.041,0.521,0.017,0.103,0.219,0,0,0.146,0e5f6140-1154-4583-a3e0-8c032a338892
Gemma 3 1B Instruct,gemma-3-1b,Google,2025-03-13,0,0,0,42.737,0.579,5.5,0.2,3.3,0.135,0.237,0.052,0.017,0.007,0.484,0,0.033,0.199,0,0,0.105,d1720545-d0a8-4c15-a53e-ef5ca99ac7ea
Granite 4.0 H 350M,granite-4-0-h-350m,IBM,2025-10-28,0,0,0,0,0,5.4,0.6,1.3,0.127,0.257,0.064,0.019,0.017,,,0.013,0.176,0,0,0.146,a68afa0b-7fe2-4e9d-bf3e-741cce3c6aeb
Gemma 3n E2B Instruct,gemma-3n-e2b,Google,2025-06-26,0,0,0,41.329,0.406,4.8,2.2,10.3,0.378,0.229,0.04,0.095,0.052,0.691,0.09,0.103,0.22,0,0.008,0,a8c67863-9d66-44dd-8d27-f58654ecde03
Tiny Aya Global,tiny-aya-global,Cohere,2026-02-17,0,0,0,0,0,4.7,1.2,,,0.305,0.052,,0.036,,,,0.201,0,0,0,81444bc8-72f9-4a2d-ad43-27e3f0d2f461
GPT-5.4 Pro (xhigh),gpt-5-4-pro,OpenAI,2026-03-05,30,180,67.5,0,0,,,,,,,,,,,,,,,,5bb1f426-2d64-4d03-99fb-8041ee85c33b
Cogito v2.1 (Reasoning),cogito-v2-1-reasoning,Deep Cogito,2025-11-18,1.25,1.25,1.25,93.298,0.284,,24.8,72.7,0.849,0.768,0.11,0.688,0.41,,,0.727,0.463,0.217,0.167,,ea5d2c10-1051-437d-95c2-18d5e4d14ff3
Mi:dm K 2.5 Pro Preview,midm-250-pro-rsnsft,Korea Telecom,2025-12-11,0,0,0,0,0,,11.9,78.7,0.813,0.722,0.088,0.576,0.297,,,0.787,0.456,0.11,0.03,0.494,e0099b99-d368-4562-b0de-4016ea58af54
GPT-3.5 Turbo (0613),gpt-3-5-turbo-0613,OpenAI,2023-06-13,0,0,0,0,0,,,,,,,,,,,,,,,,8b1a70d1-e05f-426b-9122-023d4629ab47
GPT-4o mini Realtime (Dec '24),gpt-4o-mini-realtime-dec-2024,OpenAI,2024-12-17,0,0,0,0,0,,,,,,,,,,,,,,,,4343afb1-c928-44c9-92e2-68fa1195b6f5
GPT-4o Realtime (Dec '24),gpt-4o-realtime-dec-2024,OpenAI,2024-12-17,0,0,0,0,0,,,,,,,,,,,,,,,,e2e9ddc3-8c2d-4bf5-a60a-83a1afe61034
